Team,Nickname,Full Team Name,School,City,State,Enrollment,Conference,Classification,Stadium,Capacity,Surface,Former Conferences,First Played,Joined FBS or FCS,Lat,Long,Bordering_States,State,case_when
Air Force,Falcons,Air Force Falcons,United States Air Force Academy,Colorado Springs,CO,4237,Mountain West,FBS,Falcon Stadium,"46,692",FieldTurf,WAC,1955,,38.997064,-104.843512,"'AZ','KS','NE','NM','OK','UT','WY'","'Air Force',","stateProvince=='CO'&college_state %in% c('AZ','KS','NE','NM','OK','UT','WY') ~ 'Bordering State'"
Akron,Zips,Akron Zips,University of Akron,Akron,OH,19200,MAC,FBS,InfoCision Stadium-Summa Field,"30,000",ProGrass Artificial Turf,"OAC, MCC, OVC",1891,1987,41.072587,-81.508347,"'IN','KY','MI','PA','WV'","'Akron',","stateProvince=='OH'&college_state %in% c('IN','KY','MI','PA','WV') ~ 'Bordering State'"
Alabama,Crimson Tide,Alabama Crimson Tide,University of Alabama,Tuscaloosa,AL,38500,SEC,FBS,Bryant-Denny Stadium,"101,821",Grass,"SIAA, SoCon",1892,,33.207648,-87.550451,"'FL','GA','MS','TN'","'Alabama',","stateProvince=='AL'&college_state %in% c('FL','GA','MS','TN') ~ 'Bordering State'"
Appalachian State,Mountaineers,Appalachian State Mountaineers,Appalachian State University,Boone,NC,19100,Sun Belt,FBS,Kidd Brewer Stadium,"30,000",FieldTurf,"NSC, SoCon",1928,2014,36.211609,-81.685488,"'GA','SC','TN','VA'","'Appalachian State',","stateProvince=='NC'&college_state %in% c('GA','SC','TN','VA') ~ 'Bordering State'"
Arizona,Wildcats,Arizona Wildcats,University of Arizona,Tucson,AZ,45200,Pac-12,FBS,Arizona Stadium,"56,029",FieldTurf,"BIAA, WAC",1899,,32.22884,-110.948843,"'CA','CO','NV','NM','UT'","'Arizona',","stateProvince=='AZ'&college_state %in% c('CA','CO','NV','NM','UT') ~ 'Bordering State'"
Arizona State,Sun Devils,Arizona State Sun Devils,Arizona State University,Tempe,AZ,51800,Pac-12,FBS,Frank Kush Field at Sun Devil Stadium,"56,232",Bermuda Grass,"BIAA, WAC",1896,,33.426431,-111.932575,"'CA','CO','NV','NM','UT'","'Arizona State',","stateProvince=='AZ'&college_state %in% c('CA','CO','NV','NM','UT') ~ 'Bordering State'"
Arkansas,Razorbacks,Arkansas Razorbacks,University of Arkansas,Fayetteville,AR,27800,SEC,FBS,"Donald W. Reynolds Razorback Stadium, Frank Broyles Field","80,000",PowerBlade HP,SWC,1894,,36.068083,-94.17894,"'LA','MS','MO','OK','TN','TX'","'Arkansas',","stateProvince=='AR'&college_state %in% c('LA','MS','MO','OK','TN','TX') ~ 'Bordering State'"
Arkansas State,Red Wolves,Arkansas State Red Wolves,Arkansas State University,Jonesboro,AR,22000,Sun Belt,FBS,Centennial Bank Stadium,"30,964",ProGreen,"Arkansas Intercollegiate Conference, Southland, Big West",1911,1992,35.848915,-90.667194,"'LA','MS','MO','OK','TN','TX'","'Arkansas State',","stateProvince=='AR'&college_state %in% c('LA','MS','MO','OK','TN','TX') ~ 'Bordering State'"
Army,Black Knights,Army Black Knights,United States Military Academy West Point,West Point,NY,4300,Independent,FBS,Blaik Field at Michie Stadium,"38,000",Field Turf,C-USA,1890,,41.387567,-73.964124,"'CT','MA','NJ','PA','RI','VT'","'Army',","stateProvince=='NY'&college_state %in% c('CT','MA','NJ','PA','RI','VT') ~ 'Bordering State'"
Auburn,Tigers,Auburn Tigers,Auburn University,Auburn,AL,30400,SEC,FBS,Pat Dye Field at Jordan-Hare Stadium,"87,451",Grass,"SIAA, SoCon",1892,,32.602223,-85.489141,"'FL','GA','MS','TN'","'Auburn',","stateProvince=='AL'&college_state %in% c('FL','GA','MS','TN') ~ 'Bordering State'"
Ball State,Cardinals,Ball State Cardinals,Ball State University,Muncie,IN,22500,MAC,FBS,Scheumann Stadium,"22,500",FieldTurf,"IIC, ICC",1924,,40.216023,-85.416775,"'IL','KY','MI','OH'","'Ball State',","stateProvince=='IN'&college_state %in% c('IL','KY','MI','OH') ~ 'Bordering State'"
Baylor,Bears,Baylor Bears,Baylor University,Waco,TX,17200,Big 12,FBS,McLane Stadium,"45,140",Matrix Artificial Turf,"TIAA, SWC",1899,,31.558216,-97.11564,"'AR','LA','NM','OK'","'Baylor',","stateProvince=='TX'&college_state %in% c('AR','LA','NM','OK') ~ 'Bordering State'"
Boise State,Broncos,Boise State Broncos,Boise State University,Boise,ID,25500,Mountain West,FBS,Albertsons Stadium,"36,387",Smurf Turf,"ICAC, Big Sky, Big West, WAC",1933,1996,43.602857,-116.195849,"'MT','NV','OR','UT','WA','WY'","'Boise State',","stateProvince=='ID'&college_state %in% c('MT','NV','OR','UT','WA','WY') ~ 'Bordering State'"
Boston College,Eagles,Boston College Eagles,Boston College,Chestnut Hill,MA,14700,ACC,FBS,Alumni Stadium,"44,500",AstroTurf,Big East,1893,,42.335121,-71.166461,"'CT','NY','NH','RI','VT'","'Boston College',","stateProvince=='MA'&college_state %in% c('CT','NY','NH','RI','VT') ~ 'Bordering State'"
Bowling Green,Falcons,Bowling Green Falcons,Bowling Green State University,Bowling Green,OH,23000,MAC,FBS,Doyt L. Perry Stadium,"24,000",FieldTurf,"Northwest Ohio Intercollegiate Athletic Association, OAC",1919,,41.37806,-83.622497,"'IN','KY','MI','PA','WV'","'Bowling Green',","stateProvince=='OH'&college_state %in% c('IN','KY','MI','PA','WV') ~ 'Bordering State'"
Buffalo,Bulls,Buffalo Bulls,State University of New York-Buffalo,Amherst,NY,31500,MAC,FBS,UB Stadium,"29,013",A-Turf Titan,New York State Conference,1894,1999,42.999137,-78.777522,"'CT','MA','NJ','PA','RI','VT'","'Buffalo',","stateProvince=='NY'&college_state %in% c('CT','MA','NJ','PA','RI','VT') ~ 'Bordering State'"
BYU,Cougars,BYU Cougars,Brigham Young University,Provo,UT,33600,Independent,FBS,LaVell Edwards Stadium,"63,470",Grass,"Rocky Mountain, Mountain States, WAC, MW",1922,,40.257544,-111.654512,"'AZ','CO','ID','NV','NM','WY'","'BYU',","stateProvince=='UT'&college_state %in% c('AZ','CO','ID','NV','NM','WY') ~ 'Bordering State'"
California,Golden Bears,California Golden Bears,"University of California, Berkeley",Berkeley,CA,42500,Pac-12,FBS,California Memorial Stadium,"62,717",FieldTurf,PCC,1882,,37.871008,-122.250762,"'AZ','NV','OR'","'California',","stateProvince=='CA'&college_state %in% c('AZ','NV','OR') ~ 'Bordering State'"
Central Michigan,Chippewas,Central Michigan Chippewas,Central Michigan University,Mount Pleasant,MI,21700,MAC,FBS,Kelly/Shorts Stadium,"30,255",FieldTurf,"MCC, IIAC",1896,,43.577633,-84.770853,"'IL','IN','MN','OH','WI'","'Central Michigan',","stateProvince=='MI'&college_state %in% c('IL','IN','MN','OH','WI') ~ 'Bordering State'"
Charlotte,49ers,Charlotte 49ers,University of North Carolina-Charlotte,Charlotte,NC,29700,C-USA,FBS,McColl-Richardson Field at Jerry Richardson Stadium,"15,314",Matrix Artificial Turf,"Sun Belt, C-USA, A-10",2013,2015,35.3105,-80.74011,"'GA','SC','TN','VA'","'Charlotte',","stateProvince=='NC'&college_state %in% c('GA','SC','TN','VA') ~ 'Bordering State'"
Cincinnati,Bearcats,Cincinnati Bearcats,University Of Cincinnati,Cincinnati,OH,46000,American,FBS,Nippert Stadium,"40,000",UBU Sports Speed M6-M,"OAC, Buckeye Intercollegiate Athletic Association, MAC, MVC, C-USA, Big East",1885,,39.131198,-84.516192,"'IN','KY','MI','PA','WV'","'Cincinnati',","stateProvince=='OH'&college_state %in% c('IN','KY','MI','PA','WV') ~ 'Bordering State'"
Clemson,Tigers,Clemson Tigers,Clemson University,Clemson,SC,25000,ACC,FBS,Frank Howard Field at Clemson Memorial Stadium,"81,500",Grass,"SIAA, SAIAA, SoCon",1896,,34.678748,-82.843195,"'GA','NC'","'Clemson',","stateProvince=='SC'&college_state %in% c('GA','NC') ~ 'Bordering State'"
Coastal Carolina,Chanticleers,Coastal Carolina Chanticleers,Coastal Carolina University,Conway,SC,10600,Sun Belt,FBS,Brooks Stadium,"20,000",Shaw Power Blade HD Turf,Big South,2003,2017,33.792865,-79.017494,"'GA','NC'","'Coastal Carolina',","stateProvince=='SC'&college_state %in% c('GA','NC') ~ 'Bordering State'"
Colorado,Buffaloes,Colorado Buffaloes,University of Colorado-Boulder,Boulder,CO,33200,Pac-12,FBS,Folsom Field,"50,183",Grass,"Colorado Football Association, Rocky Mountain, Mountain States, Big Eight, Big 12",1890,,40.009456,-105.266922,"'AZ','KS','NE','NM','OK','UT','WY'","'Colorado',","stateProvince=='CO'&college_state %in% c('AZ','KS','NE','NM','OK','UT','WY') ~ 'Bordering State'"
Colorado State,Rams,Colorado State Rams,Colorado State University,Fort Collins,CO,33800,Mountain West,FBS,Sonny Lubick Field at Canvas Stadium,"41,200",Shaw Sports Artificial Turf,"Colorado Football Association, Rocky Mountain, Mountain States, WAC",1890,,40.562113,-105.141616,"'AZ','KS','NE','NM','OK','UT','WY'","'Colorado State',","stateProvince=='CO'&college_state %in% c('AZ','KS','NE','NM','OK','UT','WY') ~ 'Bordering State'"
Duke,Blue Devils,Duke Blue Devils,Duke University,Durham,NC,15900,ACC,FBS,Brooks Field at Wallace Wade Stadium,"40,000",Latitude 36 Bermuda Grass,SoCon,1888,,35.995405,-78.941655,"'GA','SC','TN','VA'","'Duke',","stateProvince=='NC'&college_state %in% c('GA','SC','TN','VA') ~ 'Bordering State'"
East Carolina,Pirates,East Carolina Pirates,East Carolina University,Greenville,NC,29100,American,FBS,Bagwell Field at Dowdy-Ficklen Stadium,"50,000",Tifton 419 Hybrid Bermuda,"NSC, Carolinas, SoCon, C-USA",1932,,35.596473,-77.365265,"'GA','SC','TN','VA'","'East Carolina',","stateProvince=='NC'&college_state %in% c('GA','SC','TN','VA') ~ 'Bordering State'"
Eastern Michigan,Eagles,Eastern Michigan Eagles,Eastern Michigan University,Ypsilanti,MI,20300,MAC,FBS,Rynearson Stadium,"30,200",FieldTurf,"MIAA, MCC, IIAC, PAC",1891,,42.255924,-83.647372,"'IL','IN','MN','OH','WI'","'Eastern Michigan',","stateProvince=='MI'&college_state %in% c('IL','IN','MN','OH','WI') ~ 'Bordering State'"
FIU,Panthers,FIU Panthers,Florida International University,Miami,FL,56800,C-USA,FBS,Riccardo Silva Stadium,"23,500",FieldTurf,Sun Belt,2002,2006,25.752503,-80.37871,"'AL','GA'","'FIU',","stateProvince=='FL'&college_state %in% c('AL','GA') ~ 'Bordering State'"
Florida,Gators,Florida Gators,University of Florida,Gainesville,FL,56100,SEC,FBS,Steve Spurrier-Florida Field at Ben Hill Griffin Stadium,"88,548",Grass,"SIAA, SoCon",1906,,29.649921,-82.348626,"'AL','GA'","'Florida',","stateProvince=='FL'&college_state %in% c('AL','GA') ~ 'Bordering State'"
Florida Atlantic,Owls,FAU Owls,Florida Atlantic University,Boca Raton,FL,30800,C-USA,FBS,FAU Stadium,"30,000",Celebration Bermuda Grass,Sun Belt,2001,2006,26.376196,-80.101633,"'AL','GA'","'Florida Atlantic',","stateProvince=='FL'&college_state %in% c('AL','GA') ~ 'Bordering State'"
Florida State,Seminoles,Florida State Seminoles,Florida State University,Tallahassee,FL,41900,ACC,FBS,Bobby Bowden Field at Doak S. Campbell Stadium,"79,560",Grass,Dixie,1947,,30.438153,-84.304416,"'AL','GA'","'Florida State',","stateProvince=='FL'&college_state %in% c('AL','GA') ~ 'Bordering State'"
Fresno State,Bulldogs,Fresno State Bulldogs,Fresno State University,Fresno,CA,25000,Mountain West,FBS,Bulldog Stadium at Jim Sweeney Field,"41,031",FieldTurf,"California Coast Conference, NCAC, CCAA, Big West, WAC",1921,,36.814412,-119.758066,"'AZ','NV','OR'","'Fresno State',","stateProvince=='CA'&college_state %in% c('AZ','NV','OR') ~ 'Bordering State'"
Georgia,Bulldogs,Georgia Bulldogs,University of Georgia,Athens,GA,38200,SEC,FBS,Sanford Stadium,"92,746",Grass,"SIAA, SoCon",1892,,33.9498,-83.373354,"'AL','FL','NC','SC','TN'","'Georgia',","stateProvince=='GA'&college_state %in% c('AL','FL','NC','SC','TN') ~ 'Bordering State'"
Georgia Southern,Eagles,Georgia Southern Eagles,Georgia Southern University,Statesboro,GA,26400,Sun Belt,FBS,Allen E. Paulson Stadium,"25,000",Shaw Legion 41 Synthetic Turf,SoCon,1924,2014,32.41219,-81.783134,"'AL','FL','NC','SC','TN'","'Georgia Southern',","stateProvince=='GA'&college_state %in% c('AL','FL','NC','SC','TN') ~ 'Bordering State'"
Georgia State,Panthers,Georgia State Panthers,Georgia State University,Atlanta,GA,52800,Sun Belt,FBS,Georgia State Stadium,"25,000",Artificial Turf,CAA,2010,2013,33.735545,-84.389441,"'AL','FL','NC','SC','TN'","'Georgia State',","stateProvince=='GA'&college_state %in% c('AL','FL','NC','SC','TN') ~ 'Bordering State'"
Georgia Tech,Yellow Jackets,Georgia Tech Yellow Jackets,Georgia Institute of Technology,Atlanta,GA,32700,ACC,FBS,Bobby Dodd Stadium at Historic Grant Field,"55,000",Bermuda Grass,"SIAA, SoCon, SEC",1892,,33.772507,-84.39286,"'AL','FL','NC','SC','TN'","'Georgia Tech',","stateProvince=='GA'&college_state %in% c('AL','FL','NC','SC','TN') ~ 'Bordering State'"
Hawai'i,Rainbow Warriors,Hawai'i Rainbow Warriors,University of Hawai'i,Honolulu,HI,17700,Mountain West,FBS,Aloha Stadium,"50,000",FieldTurf,WAC,1909,,21.372805,-157.929983,0,"'Hawai'i',",stateProvince=='HI'&college_state %in% c(0) ~ 'Bordering State'
Houston,Cougars,Houston Cougars,University of Houston,Houston,TX,42700,American,FBS,John O'Quinn Field at TDECU Stadium,"40,000",Act Global UBU Speed Series S5-M Synthetic Turf,"Lone Star, Gulf Coast, MVC, SWC, C-USA",1946,,29.722002,-95.349187,"'AR','LA','NM','OK'","'Houston',","stateProvince=='TX'&college_state %in% c('AR','LA','NM','OK') ~ 'Bordering State'"
Illinois,Fighting Illini,Illinois Fighting Illini,University of Illinois,Champaign,IL,51200,Big Ten,FBS,Memorial Stadium,"60,670",FieldTurf,Illinois Intercollegiate Football League,1890,,40.0993,-88.235951,"'IN','IA','MI','KY','MO','WI'","'Illinois',","stateProvince=='IL'&college_state %in% c('IN','IA','MI','KY','MO','WI') ~ 'Bordering State'"
Indiana,Hoosiers,Indiana Hoosiers,Indiana University Bloomington,Bloomington,IN,43700,Big Ten,FBS,Memorial Stadium,"52,959",FieldTurf Revolution 360,IIAA,1887,,39.180903,-86.525633,"'IL','KY','MI','OH'","'Indiana',","stateProvince=='IN'&college_state %in% c('IL','KY','MI','OH') ~ 'Bordering State'"
Iowa,Hawkeyes,Iowa Hawkeyes,University of Iowa,Iowa City,IA,33000,Big Ten,FBS,Kinnick Stadium,"70,585",FieldTurf,"WIUFA, MVC",1889,,41.658654,-91.551098,"'IL','MN','MO','NE','SD','WI'","'Iowa',","stateProvince=='IA'&college_state %in% c('IL','MN','MO','NE','SD','WI') ~ 'Bordering State'"
Iowa State,Cyclones,Iowa State Cyclones,Iowa State University,Ames,IA,33400,Big 12,FBS,Jack Trice Stadium,"61,500",Grass,"MVC, Big 8",1892,,42.014,-93.635754,"'IL','MN','MO','NE','SD','WI'","'Iowa State',","stateProvince=='IA'&college_state %in% c('IL','MN','MO','NE','SD','WI') ~ 'Bordering State'"
Kansas,Jayhawks,Kansas Jayhawks,University Kansas,Lawrence,KS,27700,Big 12,FBS,David Booth Kansas Memorial Stadium,"50,071",Synthetic Turf,"KCAC, WIUFA, MVC, Big 8",1890,,38.963008,-95.24636,"'CO','MO','NE','OK'","'Kansas',","stateProvince=='KS'&college_state %in% c('CO','MO','NE','OK') ~ 'Bordering State'"
Kansas State,Wildcats,Kansas State Wildcats,Kansas State University,Manhattan,KS,21700,Big 12,FBS,Bill Snyder Family Football Stadium,"50,000",Synthetic Turf,"MVC, Big 8",1896,,39.202004,-96.593843,"'CO','MO','NE','OK'","'Kansas State',","stateProvince=='KS'&college_state %in% c('CO','MO','NE','OK') ~ 'Bordering State'"
Kent State,Golden Flashes,Kent State Golden Flashes,Kent State University,Kent,OH,39300,MAC,FBS,Dix Stadium,"25,000",FieldTurf,OAC,1920,,41.13908,-81.313426,"'IN','KY','MI','PA','WV'","'Kent State',","stateProvince=='OH'&college_state %in% c('IN','KY','MI','PA','WV') ~ 'Bordering State'"
Kentucky,Wildcats,Kentucky Wildcats,University of Kentucky,Lexington,KY,29200,SEC,FBS,Kroger Field at C.M. Newton Grounds,"61,000",Artificial Turf,"SIAA, SoCon",1881,,38.02276,-84.505169,"'IL','IN','MO','OH','TN','VA','WV'","'Kentucky',","stateProvince=='KY'&college_state %in% c('IL','IN','MO','OH','TN','VA','WV') ~ 'Bordering State'"
Liberty,Flames,Liberty Flames,Liberty University,Lynchburg,VA,15000,Independent (2018),FBS,Arthur L. Williams Stadium,"25,000",FieldTurf,Big South,1973,2018,37.354443,-79.175032,"'KY','MD','NC','TN','WV'","'Liberty',","stateProvince=='VA'&college_state %in% c('KY','MD','NC','TN','WV') ~ 'Bordering State'"
Louisiana,Ragin' Cajuns,Louisiana Ragin' Cajuns,University of Louisiana,Lafayette,LA,19200,Sun Belt,FBS,Cajun Field,"41,426",ProGrass,"Louisiana Intercollegiate Athletic Association, Louisiana Intercollegiate Conference, Gulf States Conference, SIAA, Southland, Big West",1902,,30.215866,-92.041726,"'AR','MS','TX'","'Louisiana',","stateProvince=='LA'&college_state %in% c('AR','MS','TX') ~ 'Bordering State'"
Louisiana Tech,Bulldogs,Louisiana Tech Bulldogs,Louisiana Tech University,Ruston,LA,8800,C-USA,FBS,Joe Aillet Stadium,"28,109",FieldTurf,"Gulf States Conference, Southland, Independent",1951,1994,32.532127,-92.655922,"'AR','MS','TX'","'Louisiana Tech',","stateProvince=='LA'&college_state %in% c('AR','MS','TX') ~ 'Bordering State'"
Louisiana-Monroe,Warhawks,ULM Warhawks,University of Lousiana-Monroe,Monroe,LA,12400,Sun Belt,FBS,JPS Field at Malone Stadium,"30,427",FieldTurf,"Louisiana Intercollegiate Athletic Association, Louisiana Intercollegiate Conference, Gulf States Conference, SIAA, Southland, Big West, WAC",1901,1989,32.530923,-92.065978,"'AR','MS','TX'","'Louisiana-Monroe',","stateProvince=='LA'&college_state %in% c('AR','MS','TX') ~ 'Bordering State'"
Louisville,Cardinals,Louisville Cardinals,University of Louisville,Louisville,KY,22600,ACC,FBS,Cardinal Stadium[36],"61,000",FieldTurf,"KIAC, SIAA, KIAC, OVC, MVC, C-USA, Big East, American",1910,,38.205903,-85.758789,"'IL','IN','MO','OH','TN','VA','WV'","'Louisville',","stateProvince=='KY'&college_state %in% c('IL','IN','MO','OH','TN','VA','WV') ~ 'Bordering State'"
LSU,Tigers,LSU Tigers,Lousiana State University,Baton Rouge,LA,30800,SEC,FBS,Tiger Stadium,"102,321",Grass,"SIAA, SoCon",1893,,30.412032,-91.183799,"'AR','MS','TX'","'LSU',","stateProvince=='LA'&college_state %in% c('AR','MS','TX') ~ 'Bordering State'"
Marshall,Thundering Herd,Marshall Thundering Herd,Marshall University,Huntington,WV,13200,C-USA,FBS,Joan C. Edwards Stadium,"38,019",FieldTurf,"WVIAC, Buckeye Conference, OVC, MAC, SoCon",1895,1997,38.424953,-82.42094,"'KY','MD','OH','PA','VA'","'Marshall',","stateProvince=='WV'&college_state %in% c('KY','MD','OH','PA','VA') ~ 'Bordering State'"
Maryland,Terrapins,Maryland Terrapins,University of Maryland,College Park,MD,41200,Big Ten,FBS,Capital One Field at Maryland Stadium,"51,802",FieldTurf,"MIFA, SAIAA, SoCon, ACC",1888,,38.990274,-76.947233,"'DE','PA','VA','WV'","'Maryland',","stateProvince=='MD'&college_state %in% c('DE','PA','VA','WV') ~ 'Bordering State'"
Memphis,Tigers,Memphis Tigers,University of Memphis,Memphis,TN,21500,American,FBS,Liberty Bowl Memorial Stadium,"62,380",AstroTurf,"Mississippi Valley Conference, SIAA, MVC, C-USA[n 3]",1912,,35.1211,-89.977413,"'AL','AR','GA','KY','MS','MO','NC','VA'","'Memphis',","stateProvince=='TN'&college_state %in% c('AL','AR','GA','KY','MS','MO','NC','VA') ~ 'Bordering State'"
Miami,Hurricanes,Miami Hurricanes,University of Miami (FL),Miami Gardens,FL,24300,ACC,FBS,Hard Rock Stadium,"65,326",Platinum TE Paspalum,"OAC, Buckeye Conference",1888,,25.957927,-80.238836,"'AL','GA'","'Miami',","stateProvince=='FL'&college_state %in% c('AL','GA') ~ 'Bordering State'"
Miami (OH),RedHawks,Miami (OH) RedHawks,Miami University,Oxford,OH,17300,MAC,FBS,Fred C. Yager Stadium,"24,286",FieldTurf,"SIAA, Big East",1926,,39.519535,-84.732942,"'IN','KY','MI','PA','WV'","'Miami (OH)',","stateProvince=='OH'&college_state %in% c('IN','KY','MI','PA','WV') ~ 'Bordering State'"
Michigan,Wolverines,Michigan Wolverines,University of Michigan,Ann Arbor,MI,46000,Big Ten,FBS,Michigan Stadium,"107,601",FieldTurf Duraspine,,1879,,42.26587,-83.748727,"'IL','IN','MN','OH','WI'","'Michigan',","stateProvince=='MI'&college_state %in% c('IL','IN','MN','OH','WI') ~ 'Bordering State'"
Michigan State,Spartans,Michigan State Spartans,Michigan State University,East Lansing,MI,50300,Big Ten,FBS,Spartan Stadium,"75,005",Grass,MIAA,1885,,42.728163,-84.484862,"'IL','IN','MN','OH','WI'","'Michigan State',","stateProvince=='MI'&college_state %in% c('IL','IN','MN','OH','WI') ~ 'Bordering State'"
Middle Tennessee,Blue Raiders,Middle Tennessee Blue Raiders,Middle Tennessee State University,Murfreesboro,TN,21900,C-USA,FBS,"Johnny ""Red"" Floyd Stadium","31,000",Synthetic Turf,"VSAC, SIAA, OVC, Sun Belt",1911,1999,35.851155,-86.368171,"'AL','AR','GA','KY','MS','MO','NC','VA'","'Middle Tennessee',","stateProvince=='TN'&college_state %in% c('AL','AR','GA','KY','MS','MO','NC','VA') ~ 'Bordering State'"
Minnesota,Golden Gophers,Minnesota Golden Gophers,University of Minnesota,Minneapolis,MN,47800,Big Ten,FBS,TCF Bank Stadium,"50,805",,,1882,,44.976536,-93.224566,"'IA','MI','ND','SD','WI'","'Minnesota',","stateProvince=='MN'&college_state %in% c('IA','MI','ND','SD','WI') ~ 'Bordering State'"
Mississippi State,Bulldogs,Mississippi State Bulldogs,Mississippi State University,Starkville,MS,30000,SEC,FBS,Davis Wade Stadium at Scott Field,"61,337",Prescription Athletic Turf (Tifway 419 Bermuda Grass),"WIUFA, Big 8, Big 12",1890,,33.456344,-88.793378,"'AL','AR','LA','TN'","'Mississippi State',","stateProvince=='MS'&college_state %in% c('AL','AR','LA','TN') ~ 'Bordering State'"
Missouri,Tigers,Missouri Tigers,University of Missouri,Columbia,MO,4600,SEC,FBS,Faurot Field at Memorial Stadium,"61,620",FieldTurf,Independent,1879,,38.935838,-92.333202,"'AR','IL','IA','KS','KY','NE','OK','TN'","'Missouri',","stateProvince=='MO'&college_state %in% c('AR','IL','IA','KS','KY','NE','OK','TN') ~ 'Bordering State'"
Navy,Midshipmen,Navy Midshipmen,United States Naval Academy,Annapolis,MD,35500,American,FBS,Navy-Marine Corps Memorial Stadium,"34,000",FieldTurf Revolution,"SAIAA, SIAA, SoCon",1892,,38.98478,-76.507087,"'DE','PA','VA','WV'","'Navy',","stateProvince=='MD'&college_state %in% c('DE','PA','VA','WV') ~ 'Bordering State'"
NC State,Wolfpack,NC State Wolfpack,North Carolina State University,Raleigh,NC,25800,ACC,FBS,Wayne Day Family Field at Carter-Finley Stadium,"57,583",Tifway 419 Bermuda Grass,"WIUFA, MVC, Big 8, Big 12",1890,,35.800781,-78.719464,"'GA','SC','TN','VA'","'NC State',","stateProvince=='NC'&college_state %in% c('GA','SC','TN','VA') ~ 'Bordering State'"
Nebraska,Cornhuskers,Nebraska Cornhuskers,University of Nebraska,Lincoln,NE,21600,Big Ten,FBS,"Memorial Stadium, Tom Osborne Field","86,047",FieldTurf,"NCAC, Big Sky, Big West, WAC",1896,1992,40.820637,-96.705658,"'CO','IA','KS','MO','SD','WY'","'Nebraska',","stateProvince=='NE'&college_state %in% c('CO','IA','KS','MO','SD','WY') ~ 'Bordering State'"
Nevada,Wolf Pack,Nevada Wolf Pack,University of Nevada,Reno,NV,26300,Mountain West,FBS,Mackay Stadium,"26,000",FieldTurf,"BIAA, WAC",1892,,39.546942,-119.817554,"'AZ','CA','ID','OR','UT'","'Nevada',","stateProvince=='NV'&college_state %in% c('AZ','CA','ID','OR','UT') ~ 'Bordering State'"
New Mexico,Lobos,New Mexico Lobos,University of New Mexico,Albuquerque,NM,21900,Mountain West,FBS,Dreamstyle Stadium,"39,224",FieldTurf,"BIAA, MVC, Big West, Sun Belt, WAC",1893,,35.066964,-106.62828,"'AZ','CO','OK','TX','UT'","'New Mexico',","stateProvince=='NM'&college_state %in% c('AZ','CO','OK','TX','UT') ~ 'Bordering State'"
New Mexico State,State Aggies,New Mexico State Aggies,New Mexico State University,Las Cruces,NM,29800,Independent,FBS,Aggie Memorial Stadium,"30,343",S5-M Synthetic Turf,"SAIAA, SIAA, SoCon",1888,,32.279635,-106.741094,"'AZ','CO','OK','TX','UT'","'New Mexico State',","stateProvince=='NM'&college_state %in% c('AZ','CO','OK','TX','UT') ~ 'Bordering State'"
North Carolina,Tar Heels,North Carolina Tar Heels,University of North Carolina-Chapel Hill,Chapel Hill,NC,20000,ACC,FBS,Kenan Memorial Stadium,"51,000",AstroTurf,"IIAC, Big West",1899,,35.906956,-79.047869,"'GA','SC','TN','VA'","'North Carolina',","stateProvince=='NC'&college_state %in% c('GA','SC','TN','VA') ~ 'Bordering State'"
North Texas,Mean Green,North Texas Mean Green,University of North Texas,Denton,TX,21200,C-USA,FBS,Apogee Stadium,"30,850",PowerBlade Artificial Turf,,1876,,33.203939,-97.159241,"'AR','LA','NM','OK'","'North Texas',","stateProvince=='TX'&college_state %in% c('AR','LA','NM','OK') ~ 'Bordering State'"
Northern Illinois,Huskies,Northern Illinois Huskies,Northern Illinois University,DeKalb,IL,39400,MAC,FBS,Brigham Field at Huskie Stadium,"23,595",FieldTurf,"TIAA, Lone Star, Gulf Coast Conference, MVC, Southland, Big West, Sun Belt",1913,1995,41.933955,-88.777814,"'IN','IA','MI','KY','MO','WI'","'Northern Illinois',","stateProvince=='IL'&college_state %in% c('IN','IA','MI','KY','MO','WI') ~ 'Bordering State'"
Northwestern,Wildcats,Northwestern Wildcats,Northwestern University,Evanston,IL,12300,Big Ten,FBS,Ryan Field,"47,130",Grass,,1887,,42.065413,-87.692494,"'IN','IA','MI','KY','MO','WI'","'Northwestern',","stateProvince=='IL'&college_state %in% c('IN','IA','MI','KY','MO','WI') ~ 'Bordering State'"
Notre Dame,Fighting Irish,Notre Dame Fighting Irish,University of Notre Dame,Notre Dame,IN,34900,Independent,FBS,Notre Dame Stadium,"77,622",FieldTurf,"OAC, Buckeye Conference",1894,,41.698399,-86.233928,"'IL','KY','MI','OH'","'Notre Dame',","stateProvince=='IN'&college_state %in% c('IL','KY','MI','OH') ~ 'Bordering State'"
Ohio,Bobcats,Ohio Bobcats,Ohio University,Athens,OH,68100,MAC,FBS,Peden Stadium,"24,000",FieldTurf,OAC,1889,,39.321,-82.10296,"'IN','KY','MI','PA','WV'","'Ohio',","stateProvince=='OH'&college_state %in% c('IN','KY','MI','PA','WV') ~ 'Bordering State'"
Ohio State,Buckeyes,Ohio State Buckeyes,Ohio State University,Columbus,OH,28500,Big Ten,FBS,Ohio Stadium,"102,780",FieldTurf,"Oklahoma Intercollegiate Conference, SWC, MVC, Big 8",1895,,40.001648,-83.019731,"'IN','KY','MI','PA','WV'","'Ohio State',","stateProvince=='OH'&college_state %in% c('IN','KY','MI','PA','WV') ~ 'Bordering State'"
Oklahoma,Sooners,Oklahoma Sooners,University of Oklahoma,Norman,OK,25300,Big 12,FBS,Gaylord Family - Oklahoma Memorial Stadium at Owen Field,"86,112",Grass,"Oklahoma Intercollegiate Conference, SWC, MVC, Big 8",1901,,35.205847,-97.442313,"'AR','CO','KS','MO','NM','TX'","'Oklahoma',","stateProvince=='OK'&college_state %in% c('AR','CO','KS','MO','NM','TX') ~ 'Bordering State'"
Oklahoma State,Cowboys,Oklahoma State Cowboys,Oklahoma State University,Stillwater,OK,25000,Big 12,FBS,Boone Pickens Stadium,"60,218",Astroturf 3D Decade,CAA,2009,2014,36.125689,-97.066453,"'AR','CO','KS','MO','NM','TX'","'Oklahoma State',","stateProvince=='OK'&college_state %in% c('AR','CO','KS','MO','NM','TX') ~ 'Bordering State'"
Old Dominion,Monarchs,Old Dominion Monarchs,Old Dominion University,Norfolk,VA,23200,C-USA,FBS,Kornblau Field at S.B. Ballard Stadium,"22,480",AstroTurf GameDay Grass 3D,"SIAA, SoCon",1890,,36.888911,-76.304885,"'KY','MD','NC','TN','WV'","'Old Dominion',","stateProvince=='VA'&college_state %in% c('KY','MD','NC','TN','WV') ~ 'Bordering State'"
Ole Miss,Rebels,Ole Miss Rebels,University of Mississippi,Oxford,MS,22200,SEC,FBS,Vaught-Hemingway Stadium at Hollingsworth Field,"64,038",Grass,"SIAA, SoCon",1895,,34.361971,-89.534229,"'AL','AR','LA','TN'","'Ole Miss',","stateProvince=='MS'&college_state %in% c('AL','AR','LA','TN') ~ 'Bordering State'"
Oregon,Ducks,Oregon Ducks,University of Oregon,Eugene,OR,22700,Pac-12,FBS,Autzen Stadium,"54,000",FieldTurf,"PCC, Independent",1894,,44.058277,-123.06851,"'CA','ID','NV','WA'","'Oregon',","stateProvince=='OR'&college_state %in% c('CA','ID','NV','WA') ~ 'Bordering State'"
Oregon State,Beavers,Oregon State Beavers,Oregon State University,Corvallis,OR,30900,Pac-12,FBS,Reser Stadium,"45,674",FieldTurf,"PCC, Independent",1893,,44.559537,-123.281379,"'CA','ID','NV','WA'","'Oregon State',","stateProvince=='OR'&college_state %in% c('CA','ID','NV','WA') ~ 'Bordering State'"
Penn State,Nittany Lions,Penn State Nittany Lions,Penn State University,University Park,PA,46600,Big Ten,FBS,Beaver Stadium,"106,572",Grass,,1881,,40.812212,-77.856112,"'DE','MD','NJ','NY','OH','WV'","'Penn State',","stateProvince=='PA'&college_state %in% c('DE','MD','NJ','NY','OH','WV') ~ 'Bordering State'"
Pittsburgh,Panthers,Pittsburgh Panthers,University of Pittsburgh,Pittsburgh,PA,28600,ACC,FBS,Heinz Field,"68,400",Grass,Big East,1890,,40.44679,-80.015768,"'DE','MD','NJ','NY','OH','WV'","'Pittsburgh',","stateProvince=='PA'&college_state %in% c('DE','MD','NJ','NY','OH','WV') ~ 'Bordering State'"
Purdue,Boilermakers,Purdue Boilermakers,Purdue University,West Lafayette,IN,43400,Big Ten,FBS,Ross-Ade Stadium,"57,236",Grass,IIAA,1887,,40.434432,-86.918436,"'IL','KY','MI','OH'","'Purdue',","stateProvince=='IN'&college_state %in% c('IL','KY','MI','OH') ~ 'Bordering State'"
Rice,Owls,Rice Owls,Rice University,Houston,TX,7100,C-USA,FBS,Rice Stadium,"47,000",AstroTurf 3D60H Synthetic Turf,"TIAA, SWC, WAC",1912,,29.716329,-95.409317,"'AR','LA','NM','OK'","'Rice',","stateProvince=='TX'&college_state %in% c('AR','LA','NM','OK') ~ 'Bordering State'"
Rutgers,Scarlet Knights,Rutgers Scarlet Knights,Rutgers University,Piscataway,NJ,70900,Big Ten,FBS,SHI Stadium,"52,454",FieldTurf,"Middle Atlantic, Big East, American",1869,,40.513563,-74.465303,"'DE','NY','PA'","'Rutgers',","stateProvince=='NJ'&college_state %in% c('DE','NY','PA') ~ 'Bordering State'"
San Diego State,Aztecs,San Diego State Aztecs,San Diego State University,San Diego,CA,34900,Mountain West,FBS,SDCCU Stadium,"70,561",Grass,"Southern California Junior College Conference, SCIAC, CCAA, Big West, WAC",1921,1969,32.783143,-117.119561,"'AZ','NV','OR'","'San Diego State',","stateProvince=='CA'&college_state %in% c('AZ','NV','OR') ~ 'Bordering State'"
San Jose State,Spartans,San Jose State Spartans,San Jose State University,San Jose,CA,32800,Mountain West,FBS,CEFCU Stadium,"30,456",AstroTurf,"California Coast Conference, NCAC, California Collegiate, Big West, WAC",1892,,37.319725,-121.868291,"'AZ','NV','OR'","'San Jose State',","stateProvince=='CA'&college_state %in% c('AZ','NV','OR') ~ 'Bordering State'"
SMU,Mustangs,SMU Mustangs,Southern Methodist University,University Park,TX,11800,American,FBS,Gerald J. Ford Stadium,"32,000",FieldTurf,"TIAA, SWC, WAC, C-USA[n 3]",1915,,32.837744,-96.782753,"'AR','LA','NM','OK'","'SMU',","stateProvince=='TX'&college_state %in% c('AR','LA','NM','OK') ~ 'Bordering State'"
South Alabama,Jaguars,South Alabama Jaguars,University of South Alabama,Mobile,AL,15100,Sun Belt,FBS,Ladd-Peebles Stadium,"40,000",FieldTurf,,2009,2012,30.67307,-88.075614,"'FL','GA','MS','TN'","'South Alabama',","stateProvince=='AL'&college_state %in% c('FL','GA','MS','TN') ~ 'Bordering State'"
South Carolina,Gamecocks,South Carolina Gamecocks,University of South Carolina,Columbia,SC,50100,SEC,FBS,Williams-Brice Stadium,"80,250",Grass,"SIAA, SoCon, ACC",1892,,33.97309,-81.019183,"'GA','NC'","'South Carolina',","stateProvince=='SC'&college_state %in% c('GA','NC') ~ 'Bordering State'"
Southern Mississippi,Golden Eagles,Southern Miss Golden Eagles,University of Southern Mississippi,Hattiesburg,MS,14500,C-USA,FBS,Carlisle-Faulkner Field at M.M. Roberts Stadium,"36,000",Shaw Sports Momentum Turf,"Gulf States Conference, SIAA",1912,,31.329019,-89.33123,"'AL','AR','LA','TN'","'Southern Mississippi',","stateProvince=='MS'&college_state %in% c('AL','AR','LA','TN') ~ 'Bordering State'"
Stanford,Cardinal,Stanford Cardinal,Stanford University,Stanford,CA,16500,Pac-12,FBS,Stanford Stadium,"50,424",Grass,PCC,1891,,37.434501,-122.161095,"'AZ','NV','OR'","'Stanford',","stateProvince=='CA'&college_state %in% c('AZ','NV','OR') ~ 'Bordering State'"
Syracuse,Orange,Syracuse Orange,Syracuse University,Syracuse,NY,22900,ACC,FBS,Carrier Dome,"49,250",FieldTurf,Big East,1889,,43.036219,-76.136372,"'CT','MA','NJ','PA','RI','VT'","'Syracuse',","stateProvince=='NY'&college_state %in% c('CT','MA','NJ','PA','RI','VT') ~ 'Bordering State'"
TCU,Frogs,TCU Horned Frogs,Texas Christian University,Fort Worth,TX,10400,Big 12,FBS,Amon G. Carter Stadium,"45,000",Grass,"TIAA, SWC, WAC, C-USA, MW",1896,,32.709638,-97.368092,"'AR','LA','NM','OK'","'TCU',","stateProvince=='TX'&college_state %in% c('AR','LA','NM','OK') ~ 'Bordering State'"
Temple,Owls,Temple Owls,Temple University,Philadelphia,PA,40000,American,FBS,Lincoln Financial Field,"68,532",Desso GrassMaster,"Middle Atlantic, Big East, MAC, Big East",1894,,39.900797,-75.167458,"'DE','MD','NJ','NY','OH','WV'","'Temple',","stateProvince=='PA'&college_state %in% c('DE','MD','NJ','NY','OH','WV') ~ 'Bordering State'"
Tennessee,Volunteers,Tennessee Volunteers,University of Tennessee,Knoxville,TN,28900,SEC,FBS,Neyland Stadium,"102,455",Grass,"SIAA, SoCon",1891,,35.957992,-83.924975,"'AL','AR','GA','KY','MS','MO','NC','VA'","'Tennessee',","stateProvince=='TN'&college_state %in% c('AL','AR','GA','KY','MS','MO','NC','VA') ~ 'Bordering State'"
Texas,Longhorns,Texas Longhorns,University of Texas,Austin,TX,51800,Big 12,FBS,Darrell K Royal-Texas Memorial Stadium,"100,119",FieldTurf,"SIAA, TIAA, SWC",1893,,30.283659,-97.732531,"'AR','LA','NM','OK'","'Texas',","stateProvince=='TX'&college_state %in% c('AR','LA','NM','OK') ~ 'Bordering State'"
Texas A&M,Aggies,Texas A&M Aggies,Texas A&M University,College Station,TX,69400,SEC,FBS,Kyle Field,"102,733",Grass,"SIAA, SWC, Big 12",1894,,30.609797,-96.340385,"'AR','LA','NM','OK'","'Texas A&M',","stateProvince=='TX'&college_state %in% c('AR','LA','NM','OK') ~ 'Bordering State'"
Texas State,Bobcats,Texas State Bobcats,Texas State University,San Marcos,TX,38800,Sun Belt,FBS,Jim Wacker Field at Bobcat Stadium,"30,000",FieldTurf Duraspine Pro,"TIAA, Lone Star, Gulf Star, Southland, WAC",1904,2012,29.891032,-97.92553,"'AR','LA','NM','OK'","'Texas State',","stateProvince=='TX'&college_state %in% c('AR','LA','NM','OK') ~ 'Bordering State'"
Texas Tech,Red Raiders,Texas Tech Red Raiders,Texas Tech University,Lubbock,TX,38200,Big 12,FBS,Jones AT&T Stadium,"60,862",FieldTurf,"BIAA, SWC",1925,,33.591066,-101.87291,"'AR','LA','NM','OK'","'Texas Tech',","stateProvince=='TX'&college_state %in% c('AR','LA','NM','OK') ~ 'Bordering State'"
Toledo,Rockets,Toledo Rockets,University of Toledo,Toledo,OH,23100,MAC,FBS,Glass Bowl,"26,248",FieldTurf,"Northwestern Ohio Intercollegiate Athletic Association, OAC",1917,,41.65728,-83.613579,"'IN','KY','MI','PA','WV'","'Toledo',","stateProvince=='OH'&college_state %in% c('IN','KY','MI','PA','WV') ~ 'Bordering State'"
Troy,Trojans,Troy Trojans,Troy University,Troy,AL,18100,Sun Belt,FBS,Veterans Memorial Stadium at Larry Blakeney Field,"30,402",ProGrass,"Alabama Intercollegiate Conference, SIAA, Alabama Collegiate Conference, Mid-South Athletic Conference, Gulf South, Southland",1909,2002,31.799559,-85.951844,"'FL','GA','MS','TN'","'Troy',","stateProvince=='AL'&college_state %in% c('FL','GA','MS','TN') ~ 'Bordering State'"
Tulane,Green Wave,Tulane Green Wave,Tulane University,New Orleans,LA,14100,American,FBS,Benson Field at Yulman Stadium,"30,000",Act Global UBU Speed Series S5-M,"SIAA, SoCon, SEC, C-USA",1893,,29.944613,-90.116702,"'AR','MS','TX'","'Tulane',","stateProvince=='LA'&college_state %in% c('AR','MS','TX') ~ 'Bordering State'"
Tulsa,Golden Hurricane,Tulsa Golden Hurricane,The University of Tulsa,Tulsa,OK,4300,American,FBS,Skelly Field at H. A. Chapman Stadium,"30,000",FieldTurf,"Oklahoma Intercollegiate Conference, Big 4 Conference, MVC, WAC, C-USA",1895,,36.148876,-95.943782,"'AR','CO','KS','MO','NM','TX'","'Tulsa',","stateProvince=='OK'&college_state %in% c('AR','CO','KS','MO','NM','TX') ~ 'Bordering State'"
UAB,Blazers,UAB Blazers,University of Alabama-Birmingham,Birmingham,AL,21900,C-USA,FBS,Legion Field,"71,594",FieldTurf,,1991,1999,33.511491,-86.842652,"'FL','GA','MS','TN'","'UAB',","stateProvince=='AL'&college_state %in% c('FL','GA','MS','TN') ~ 'Bordering State'"
UCF,Knights,UCF Knights,University of Central Florida,Orlando,FL,68600,American,FBS,Spectrum Stadium,"44,206",Tifway 419 Bermuda,"MAC, C-USA",1979,1996,28.608262,-81.192621,"'AL','GA'","'UCF',","stateProvince=='FL'&college_state %in% c('AL','GA') ~ 'Bordering State'"
UCLA,Bruins,UCLA Bruins,University of California-Los Angeles,Pasadena,CA,45400,Pac-12,FBS,Rose Bowl Stadium,"90,888",Grass,"SCIAC, PCC",1919,,34.161333,-118.167629,"'AZ','NV','OR'","'UCLA',","stateProvince=='CA'&college_state %in% c('AZ','NV','OR') ~ 'Bordering State'"
UConn,Huskies,UConn Huskies,University of Connecticut,East Hartford,CT,32200,Independent,FBS,Pratt & Whitney Stadium at Rentschler Field,"40,000",Kentucky Bluegrass,"Yankee, A-10, Big East, American",1896,2000,41.759623,-72.618818,"'MA','NY','RI'","'UConn',","stateProvince=='CT'&college_state %in% c('MA','NY','RI') ~ 'Bordering State'"
UMass,Minutemen,UMass Minutemen,University of Massachusetts,Hadley,MA,30600,Independent,FBS,Warren McGuirk Alumni Stadium,"17,000",FieldTurf,"Yankee, A-10, CAA, MAC",1879,2012,42.377314,-72.53603,"'CT','NY','NH','RI','VT'","'UMass',","stateProvince=='MA'&college_state %in% c('CT','NY','NH','RI','VT') ~ 'Bordering State'"
UNLV,Rebels,UNLV Rebels,University of Nevada-Las Vegas,Whitney,NV,30500,Mountain West,FBS,Sam Boyd Stadium,"36,800",Sprinturf,"Big West, WAC",1968,1978,36.086254,-115.016722,"'AZ','CA','ID','OR','UT'","'UNLV',","stateProvince=='NV'&college_state %in% c('AZ','CA','ID','OR','UT') ~ 'Bordering State'"
USC,Trojans,USC Trojans,University of Southern California,Los Angeles,CA,50700,Pac-12,FBS,Los Angeles Memorial Coliseum,"77,500",Grass,"C-USA, Big East",1997,2001,34.01404,-118.288008,"'AZ','NV','OR'","'USC',","stateProvince=='CA'&college_state %in% c('AZ','NV','OR') ~ 'Bordering State'"
USF,Bulls,USF Bulls,University of South Florida,Tampa,FL,45700,American,FBS,Raymond James Stadium,"65,857",Grass,PCC,1888,,27.975965,-82.503346,"'AL','GA'","'USF',","stateProvince=='FL'&college_state %in% c('AL','GA') ~ 'Bordering State'"
UT San Antonio,Roadrunners,UTSA Roadrunners,University of Texas-San Antonio,San Antonio,TX,29400,C-USA,FBS,Alamodome,"65,000",SportField,"Colorado Football Association, RMAC, Mountain States, Big West, Independent, Sun Belt, WAC",1892,,29.416877,-98.478893,"'AR','LA','NM','OK'","'UT San Antonio',","stateProvince=='TX'&college_state %in% c('AR','LA','NM','OK') ~ 'Bordering State'"
Utah,Utes,Utah Utes,University of Utah,Salt Lake City,UT,25100,Pac-12,FBS,Rice-Eccles Stadium,"47,825",FieldTurf CoolPlay,"BIAA, WAC",1914,,40.759977,-111.84884,"'AZ','CO','ID','NV','NM','WY'","'Utah',","stateProvince=='UT'&college_state %in% c('AZ','CO','ID','NV','NM','WY') ~ 'Bordering State'"
Utah State,Aggies,Utah State Aggies,Utah State University,Logan,UT,30700,Mountain West,FBS,Merlin Olsen Field at Maverik Stadium,"25,513",AstroTurf GameDay Grass 3D60 Extreme,WAC,2011,2012,41.751739,-111.81158,"'AZ','CO','ID','NV','NM','WY'","'Utah State',","stateProvince=='UT'&college_state %in% c('AZ','CO','ID','NV','NM','WY') ~ 'Bordering State'"
UTEP,Miners,UTEP Miners,University of Texas-El Paso,El Paso,TX,33000,C-USA,FBS,Sun Bowl Stadium,"51,500",FieldTurf,"Colorado Football Association, RMAC, Mountain States, WAC, MW",1892,,31.773334,-106.507966,"'AR','LA','NM','OK'","'UTEP',","stateProvince=='TX'&college_state %in% c('AR','LA','NM','OK') ~ 'Bordering State'"
UTSA,Roadrunners,UTSA Roadrunners,University of Texas-San Antonio,San Antonio,TX,29400,C-USA,FBS,Alamodome,"65,000",SportField,"Colorado Football Association, RMAC, Mountain States, Big West, Independent, Sun Belt, WAC",1892,,29.416877,-98.478893,"'AR','LA','NM','OK'","'UTSA',","stateProvince=='TX'&college_state %in% c('AR','LA','NM','OK') ~ 'Bordering State'"
Vanderbilt,Commodores,Vanderbilt Commodores,Vanderbilt University,Nashville,TN,13100,SEC,FBS,Vanderbilt Stadium,"40,350",Shaw Sports Legion 46,"SIAA, SoCon",1890,,36.144019,-86.808907,"'AL','AR','GA','KY','MS','MO','NC','VA'","'Vanderbilt',","stateProvince=='TN'&college_state %in% c('AL','AR','GA','KY','MS','MO','NC','VA') ~ 'Bordering State'"
Virginia,Cavaliers,Virginia Cavaliers,University of Virginia,Charlottesville,VA,24400,ACC,FBS,"Carl Smith Center, Home of David A. Harrison III Field at Scott Stadium","61,500",Grass,"SAIAA, SoCon",1888,,38.031117,-78.513687,"'KY','MD','NC','TN','WV'","'Virginia',","stateProvince=='VA'&college_state %in% c('KY','MD','NC','TN','WV') ~ 'Bordering State'"
Virginia Tech,Hokies,Virginia Tech Hokies,Virginia Polytechnic Institute and State University,Blacksburg,VA,33400,ACC,FBS,Lane Stadium/Worsham Field,"66,233",Grass,"SAIAA, SIAA, SoCon, Big East",1892,,37.219997,-80.418048,"'KY','MD','NC','TN','WV'","'Virginia Tech',","stateProvince=='VA'&college_state %in% c('KY','MD','NC','TN','WV') ~ 'Bordering State'"
Wake Forest,Demon Deacons,Wake Forest Demon Deacons,Wake Forest University,Winston-Salem,NC,8100,ACC,FBS,BB&T Field,"31,500",FieldTurf,"Big Five Conference, SoCon",1888,,36.130575,-80.25456,"'GA','SC','TN','VA'","'Wake Forest',","stateProvince=='NC'&college_state %in% c('GA','SC','TN','VA') ~ 'Bordering State'"
Washington,Huskies,Washington Huskies,University of Washington,Seattle,WA,47900,Pac-12,FBS,Alaska Airlines Field at Husky Stadium,"70,500",FieldTurf,PCC,1889,,47.650314,-122.301613,"'ID','OR'","'Washington',","stateProvince=='WA'&college_state %in% c('ID','OR') ~ 'Bordering State'"
Washington State,Cougars,Washington State Cougars,Washington State University,Pullman,WA,30600,Pac-12,FBS,Martin Stadium,"32,248",FieldTurf,"PCC, Independent",1893,,46.731829,-117.160467,"'ID','OR'","'Washington State',","stateProvince=='WA'&college_state %in% c('ID','OR') ~ 'Bordering State'"
West Virginia,Mountaineers,West Virginia Mountaineers,West Virginia University,Morgantown,WV,30000,Big 12,FBS,Mountaineer Field at Milan Puskar Stadium,"60,000",FieldTurf,"SoCon, WVIAC, Big East",1891,,39.650176,-79.95508,"'KY','MD','OH','PA','VA'","'West Virginia',","stateProvince=='WV'&college_state %in% c('KY','MD','OH','PA','VA') ~ 'Bordering State'"
Western Kentucky,Hilltoppers,Western Kentucky Hilltoppers,Western Kentucky University,Bowling Green,KY,20300,C-USA,FBS,Houchens Industries-L. T. Smith Stadium at Jimmy Feix Field,"22,113",FieldTurf,"SIAA, KIAC, OVC, MVFC, Sun Belt",1913,2009,36.984751,-86.4594,"'IL','IN','MO','OH','TN','VA','WV'","'Western Kentucky',","stateProvince=='KY'&college_state %in% c('IL','IN','MO','OH','TN','VA','WV') ~ 'Bordering State'"
Western Michigan,Broncos,Western Michigan Broncos,Western Michigan University,Kalamazoo,MI,22900,MAC,FBS,Waldo Stadium,"30,200",FieldTurf,MCC,1905,,42.285751,-85.601093,"'IL','IN','MN','OH','WI'","'Western Michigan',","stateProvince=='MI'&college_state %in% c('IL','IN','MN','OH','WI') ~ 'Bordering State'"
Wisconsin,Badgers,Wisconsin Badgers,University of Wisconsin,Madison,WI,44400,Big Ten,FBS,Camp Randall Stadium,"80,321",FieldTurf,,1889,,43.069936,-89.412678,"'IL','IA','MI','MN'","'Wisconsin',","stateProvince=='WI'&college_state %in% c('IL','IA','MI','MN') ~ 'Bordering State'"
Wyoming,Cowboys,Wyoming Cowboys,University of Wyoming,Laramie,WY,12400,Mountain West,FBS,Jonah Field at War Memorial Stadium,"29,181",FieldTurf,"Colorado Football Association, RMAC, WAC",1893,,41.311701,-105.568263,"'CO','ID','MT','NE','SD','UT'","'Wyoming',","stateProvince=='WY'&college_state %in% c('CO','ID','MT','NE','SD','UT') ~ 'Bordering State'"
Abilene Christian,Wildcats,Abilene Christian Wildcats,Abilene Christian University,Abilene,TX,5315,Southland,FCS,Anthony Field at Wildcat Stadium,"12,000",FieldTurf,,1919,,32.472238,-99.710423,"'AR','LA','NM','OK'","'Abilene Christian',","stateProvince=='TX'&college_state %in% c('AR','LA','NM','OK') ~ 'Bordering State'"
Alabama A&M,Bulldogs,Alabama A&M Bulldogs,Alabama A&M University,Huntsville,AL,6001,SWAC,FCS,Louis Crews Stadium,"21,000",Astro Turf,,1912,,34.783625,-86.578379,"'FL','GA','MS','TN'","'Alabama A&M',","stateProvince=='AL'&college_state %in% c('FL','GA','MS','TN') ~ 'Bordering State'"
Alabama State,Hornets,Alabama State Hornets,Alabama State University,Montgomery,AL,5475,SWAC,FCS,New ASU Stadium,"26,500",Astro Turf,,1901,,32.364912,-86.298548,"'FL','GA','MS','TN'","'Alabama State',","stateProvince=='AL'&college_state %in% c('FL','GA','MS','TN') ~ 'Bordering State'"
Albany,Great Danes,Albany Great Danes,"University at Albany, SUNY",Albany,NY,17743,CAA,FCS,Bob Ford Field,"8,500",FieldTurf,,1973,,42.68078,-73.827282,"'CT','MA','NJ','PA','RI','VT'","'Albany',","stateProvince=='NY'&college_state %in% c('CT','MA','NJ','PA','RI','VT') ~ 'Bordering State'"
Alcorn State,Braves,Alcorn State Braves,Alcorn State University,Lorman,MS,3523,SWAC,FCS,Jack Spinks Stadium,"22,500",Grass,,1921,,31.873565,-91.134955,"'AL','AR','LA','TN'","'Alcorn State',","stateProvince=='MS'&college_state %in% c('AL','AR','LA','TN') ~ 'Bordering State'"
Arkansas-Pine Bluff,Golden Lions,Arkansas-Pine Bluff Golden Lions,University of Arkansas at Pine Bluff,Pine Bluff,AR,2498,SWAC,FCS,Golden Lion Stadium,"16,000",GeoGreen,,1916,,34.253343,-92.02147,"'LA','MS','MO','OK','TN','TX'","'Arkansas-Pine Bluff',","stateProvince=='AR'&college_state %in% c('LA','MS','MO','OK','TN','TX') ~ 'Bordering State'"
Austin Peay,Governors,Austin Peay Governors,Austin Peay State University,Clarksville,TN,10723,Ohio Valley,FCS,Fortera Stadium,"10,000",AstroTurf,,1930,,36.536269,-87.352557,"'AL','AR','GA','KY','MS','MO','NC','VA'","'Austin Peay',","stateProvince=='TN'&college_state %in% c('AL','AR','GA','KY','MS','MO','NC','VA') ~ 'Bordering State'"
Bethune-Cookman,Wildcats,Bethune-Cookman Wildcats,Bethune–Cookman University,Daytona Beach,FL,4037,MEAC,FCS,Municipal Stadium,"10,000",Artificial turf,,1925,,29.173475,-81.117515,"'AL','GA'","'Bethune-Cookman',","stateProvince=='FL'&college_state %in% c('AL','GA') ~ 'Bordering State'"
Brown,Bears,Brown Bears,Brown University,Providence,RI,10333,Ivy,FCS,Brown Stadium,"20,000",Grass,,1878,,41.842132,-71.394319,"'CT','MA','NY'","'Brown',","stateProvince=='RI'&college_state %in% c('CT','MA','NY') ~ 'Bordering State'"
Bryant,Bulldogs,Bryant Bulldogs,Bryant University,Smithfield,RI,3751,Northeast,FCS,Beirne Stadium,"4,400",Grass,,1999,,41.924224,-71.538529,"'CT','MA','NY'","'Bryant',","stateProvince=='RI'&college_state %in% c('CT','MA','NY') ~ 'Bordering State'"
Bucknell,Bison,Bucknell Bison,Bucknell University,Lewisburg,PA,3660,Patriot,FCS,Christy Mathewson–Memorial Stadium,"13,100",FieldTurf,,1883,,40.951867,-76.885411,"'DE','MD','NJ','NY','OH','WV'","'Bucknell',","stateProvince=='PA'&college_state %in% c('DE','MD','NJ','NY','OH','WV') ~ 'Bordering State'"
Butler,Bulldogs,Butler Bulldogs,Butler University,Indianapolis,IN,5022,Pioneer,FCS,Bud and Jackie Sellick Bowl,"5,500",FieldTurf,,1887,,39.844468,-86.165841,"'IL','KY','MI','OH'","'Butler',","stateProvince=='IN'&college_state %in% c('IL','KY','MI','OH') ~ 'Bordering State'"
Cal Poly,Mustangs,Cal Poly Mustangs,California Polytechnic State University,San Luis Obispo,CA,,Big Sky,FCS,Alex G. Spanos Stadium,"11,075",,,1915,,35.298435,-120.665045,"'AZ','NV','OR'","'Cal Poly',","stateProvince=='CA'&college_state %in% c('AZ','NV','OR') ~ 'Bordering State'"
Campbell,Fighting Camels,Campbell Fighting Camels,Campbell University,Buies Creek,NC,,Big South,FCS,Barker–Lane Stadium,"5,000",,,2008,,35.404613,-78.742647,"'GA','SC','TN','VA'","'Campbell',","stateProvince=='NC'&college_state %in% c('GA','SC','TN','VA') ~ 'Bordering State'"
Central Arkansas,Bears,Central Arkansas Bears,University of Central Arkansas,Conway,AR,,Southland,FCS,Estes Stadium,"10,000",,,1908,,35.080249,-92.460023,"'LA','MS','MO','OK','TN','TX'","'Central Arkansas',","stateProvince=='AR'&college_state %in% c('LA','MS','MO','OK','TN','TX') ~ 'Bordering State'"
Central Connecticut,Blue Devils,Central Connecticut Blue Devils,Central Connecticut State University,New Britain,CT,,Northeast,FCS,Arute Field,"5,500",,,1935,,41.695079,-72.761626,"'MA','NY','RI'","'Central Connecticut',","stateProvince=='CT'&college_state %in% c('MA','NY','RI') ~ 'Bordering State'"
Charleston Southern,Buccaneers,Charleston Southern Buccaneers,Charleston Southern University,North Charleston,SC,,Big South,FCS,Buccaneer Field,"4,000",,,1985,,32.978234,-80.067843,"'GA','NC'","'Charleston Southern',","stateProvince=='SC'&college_state %in% c('GA','NC') ~ 'Bordering State'"
Chattanooga,Mocs,Chattanooga Mocs,University of Tennessee at Chattanooga,Chattanooga,TN,,Southern,FCS,Finley Stadium,"20,668",,,1899,,35.036339,-85.315688,"'AL','AR','GA','KY','MS','MO','NC','VA'","'Chattanooga',","stateProvince=='TN'&college_state %in% c('AL','AR','GA','KY','MS','MO','NC','VA') ~ 'Bordering State'"
Colgate,Raiders,Colgate Raiders,Colgate University,Hamilton,NY,,Patriot,FCS,Andy Kerr Stadium,"10,221",,,1890,,42.816558,-75.54583,"'CT','MA','NJ','PA','RI','VT'","'Colgate',","stateProvince=='NY'&college_state %in% c('CT','MA','NJ','PA','RI','VT') ~ 'Bordering State'"
Columbia,Lions,Columbia Lions,Columbia University,Manhattan,NY,,Ivy,FCS,Lawrence A. Wien Stadium,"17,000",,,1870,,40.873233,-73.916458,"'CT','MA','NJ','PA','RI','VT'","'Columbia',","stateProvince=='NY'&college_state %in% c('CT','MA','NJ','PA','RI','VT') ~ 'Bordering State'"
Cornell,Big Red,Cornell Big Red,Cornell University,Ithaca,NY,,Ivy,FCS,Schoellkopf Field,"25,597",,,1887,,42.444087,-76.478653,"'CT','MA','NJ','PA','RI','VT'","'Cornell',","stateProvince=='NY'&college_state %in% c('CT','MA','NJ','PA','RI','VT') ~ 'Bordering State'"
Dartmouth,Big Green,Dartmouth Big Green,Dartmouth College,Hanover,NH,,Ivy,FCS,Memorial Field,"15,000",,,1881,,43.701308,-72.284247,"'ME','MA','VT'","'Dartmouth',","stateProvince=='NH'&college_state %in% c('ME','MA','VT') ~ 'Bordering State'"
Davidson,Wildcats,Davidson Wildcats,Davidson College,Davidson,NC,,Pioneer,FCS,Richardson Stadium,"6,000",,,1896,,35.499603,-80.842847,"'GA','SC','TN','VA'","'Davidson',","stateProvince=='NC'&college_state %in% c('GA','SC','TN','VA') ~ 'Bordering State'"
Dayton,Flyers,Dayton Flyers,University of Dayton,Dayton,OH,,Pioneer,FCS,Welcome Stadium,"11,000",,,1903,,39.736912,-84.1981,"'IN','KY','MI','PA','WV'","'Dayton',","stateProvince=='OH'&college_state %in% c('IN','KY','MI','PA','WV') ~ 'Bordering State'"
Delaware,Fightin' Blue Hens,Delaware Fightin' Blue Hens,University of Delaware,Newark,DE,,CAA,FCS,Delaware Stadium,"18,309",,,1888,,39.661732,-75.748834,"'MD','NY','PA'","'Delaware',","stateProvince=='DE'&college_state %in% c('MD','NY','PA') ~ 'Bordering State'"
Delaware State,Hornets,Delaware State Hornets,Delaware State University,Dover,DE,,MEAC,FCS,Alumni Stadium,"7,000",,,1924,,39.189342,-75.54321,"'MD','NY','PA'","'Delaware State',","stateProvince=='DE'&college_state %in% c('MD','NY','PA') ~ 'Bordering State'"
Dixie State,Trailblazers,Dixie State Trailblazers,Dixie State University,St. George,UT,,Independent,FCS,Greater Zion Stadium,"10,000",,,2006,,,,"'AZ','CO','ID','NV','NM','WY'","'Dixie State',","stateProvince=='UT'&college_state %in% c('AZ','CO','ID','NV','NM','WY') ~ 'Bordering State'"
Drake,Bulldogs,Drake Bulldogs,Drake University,Des Moines,IA,,Pioneer,FCS,Drake Stadium,"14,557",,,1893,,41.605011,-93.655019,"'IL','MN','MO','NE','SD','WI'","'Drake',","stateProvince=='IA'&college_state %in% c('IL','MN','MO','NE','SD','WI') ~ 'Bordering State'"
Duquesne,Dukes,Duquesne Dukes,Duquesne University,Pittsburgh,PA,,Northeast,FCS,Arthur J. Rooney Athletic Field,"2,200",,,1891,,40.435616,-79.990009,"'DE','MD','NJ','NY','OH','WV'","'Duquesne',","stateProvince=='PA'&college_state %in% c('DE','MD','NJ','NY','OH','WV') ~ 'Bordering State'"
East Tennessee State,Buccaneers,East Tennessee State Buccaneers,East Tennessee State University,Johnson City,TN,,Southern,FCS,William B. Greene Jr. Stadium,"7,694",,,2015,,36.303732,-82.370849,"'AL','AR','GA','KY','MS','MO','NC','VA'","'East Tennessee State',","stateProvince=='TN'&college_state %in% c('AL','AR','GA','KY','MS','MO','NC','VA') ~ 'Bordering State'"
Eastern Illinois,Panthers,Eastern Illinois Panthers,Eastern Illinois University,Charleston,IL,,Ohio Valley,FCS,O’Brien Field,"10,000",,,1899,,39.480486,-88.181141,"'IN','IA','MI','KY','MO','WI'","'Eastern Illinois',","stateProvince=='IL'&college_state %in% c('IN','IA','MI','KY','MO','WI') ~ 'Bordering State'"
Eastern Kentucky,Colonels,Eastern Kentucky Colonels,Eastern Kentucky University,Richmond,KY,,Ohio Valley,FCS,Roy Kidd Stadium,"20,000",,,1906,,37.734395,-84.297265,"'IL','IN','MO','OH','TN','VA','WV'","'Eastern Kentucky',","stateProvince=='KY'&college_state %in% c('IL','IN','MO','OH','TN','VA','WV') ~ 'Bordering State'"
Eastern Washington,Eagles,Eastern Washington Eagles,Eastern Washington University,Cheney,WA,,Big Sky,FCS,Roos Field,"8,600",,,1901,,47.492739,-117.58783,"'ID','OR'","'Eastern Washington',","stateProvince=='WA'&college_state %in% c('ID','OR') ~ 'Bordering State'"
Elon,Phoenix,Elon Phoenix,Elon University,Elon,NC,,CAA,FCS,Rhodes Stadium,"11,250",,,1909,,36.109973,-79.50769,"'GA','SC','TN','VA'","'Elon',","stateProvince=='NC'&college_state %in% c('GA','SC','TN','VA') ~ 'Bordering State'"
Florida A&M,Rattlers,Florida A&M Rattlers,Florida A&M University,Tallahassee,FL,,MEAC,FCS,Bragg Memorial Stadium,"25,500",,,1907,,30.426057,-84.291789,"'AL','GA'","'Florida A&M',","stateProvince=='FL'&college_state %in% c('AL','GA') ~ 'Bordering State'"
Fordham,Rams,Fordham Rams,Fordham University,The Bronx,NY,,Patriot,FCS,Coffey Field,"7,000",,,1881,,40.861482,-73.882882,"'CT','MA','NJ','PA','RI','VT'","'Fordham',","stateProvince=='NY'&college_state %in% c('CT','MA','NJ','PA','RI','VT') ~ 'Bordering State'"
Furman,Paladins,Furman Paladins,Furman University,Greenville,SC,,Southern,FCS,Paladin Stadium,"16,000",,,1889,,34.920187,-82.437092,"'GA','NC'","'Furman',","stateProvince=='SC'&college_state %in% c('GA','NC') ~ 'Bordering State'"
Gardner-Webb,Runnin' Bulldogs,Gardner-Webb Runnin' Bulldogs,Gardner–Webb University,Boiling Springs,NC,,Big South,FCS,Ernest W. Spangler Stadium,"8,500",,,1946,,35.245644,-81.673295,"'GA','SC','TN','VA'","'Gardner-Webb',","stateProvince=='NC'&college_state %in% c('GA','SC','TN','VA') ~ 'Bordering State'"
Georgetown,Hoyas,Georgetown Hoyas,Georgetown University,"Washington, D.C.",DC,,Patriot,FCS,Cooper Field,"2,500",,,1881,,38.908023,-77.075322,"'KY','MD','NC','TN','WV'","'Georgetown',","stateProvince=='DC'&college_state %in% c('KY','MD','NC','TN','WV') ~ 'Bordering State'"
Grambling,Tigers,Grambling State Tigers,Grambling State University,Grambling,LA,,SWAC,FCS,Eddie Robinson Stadium,"19,600",,,1927,,32.520897,-92.721239,"'AR','MS','TX'","'Grambling',","stateProvince=='LA'&college_state %in% c('AR','MS','TX') ~ 'Bordering State'"
Hampton,Pirates,Hampton Pirates,Hampton University,Hampton,VA,,Big South,FCS,Armstrong Stadium,"12,000",,,1902,,37.020516,-76.333608,"'KY','MD','NC','TN','WV'","'Hampton',","stateProvince=='VA'&college_state %in% c('KY','MD','NC','TN','WV') ~ 'Bordering State'"
Harvard,Crimson,Harvard Crimson,Harvard University,Boston,MA,,Ivy,FCS,Harvard Stadium,"30,323",,,1873,,42.3667,-71.126745,"'CT','NY','NH','RI','VT'","'Harvard',","stateProvince=='MA'&college_state %in% c('CT','NY','NH','RI','VT') ~ 'Bordering State'"
Holy Cross,Crusaders,Holy Cross Crusaders,College of the Holy Cross,Worcester,MA,,Patriot,FCS,Fitton Field,"23,500",,,1891,,42.241595,-71.809951,"'CT','NY','NH','RI','VT'","'Holy Cross',","stateProvince=='MA'&college_state %in% c('CT','NY','NH','RI','VT') ~ 'Bordering State'"
Houston Baptist,Huskies,Houston Baptist Huskies,Houston Baptist University,Houston,TX,,Southland,FCS,Husky Stadium,"5,000",,,2013,,29.692622,-95.511489,"'AR','LA','NM','OK'","'Houston Baptist',","stateProvince=='TX'&college_state %in% c('AR','LA','NM','OK') ~ 'Bordering State'"
Howard,Bison,Howard Bison,Howard University,"Washington, D.C.",DC,,MEAC,FCS,William H. Greene Stadium,"10,000",,,1882,,38.9256,-77.020779,"'KY','MD','NC','TN','WV'","'Howard',","stateProvince=='DC'&college_state %in% c('KY','MD','NC','TN','WV') ~ 'Bordering State'"
Idaho,Vandals,Idaho Vandals,University of Idaho,Moscow,ID,,Big Sky,FCS,Kibbie Dome,"16,000",,,1893,,46.726278,-117.017489,"'MT','NV','OR','UT','WA','WY'","'Idaho',","stateProvince=='ID'&college_state %in% c('MT','NV','OR','UT','WA','WY') ~ 'Bordering State'"
Idaho State,Bengals,Idaho State Bengals,Idaho State University,Pocatello,ID,,Big Sky,FCS,Holt Arena,"12,000",,,1902,,42.870008,-112.428579,"'MT','NV','OR','UT','WA','WY'","'Idaho State',","stateProvince=='ID'&college_state %in% c('MT','NV','OR','UT','WA','WY') ~ 'Bordering State'"
Illinois State,Redbirds,Illinois State Redbirds,Illinois State University,Normal,IL,,Missouri Valley,FCS,Hancock Stadium,"13,391",,,1887,,40.512337,-88.99655,"'IN','IA','MI','KY','MO','WI'","'Illinois State',","stateProvince=='IL'&college_state %in% c('IN','IA','MI','KY','MO','WI') ~ 'Bordering State'"
Incarnate Word,Cardinals,Incarnate Word Cardinals,University of the Incarnate Word,San Antonio,TX,,Southland,FCS,Gayle and Tom Benson Stadium,"6,000",,,2009,,29.467541,-98.470093,"'AR','LA','NM','OK'","'Incarnate Word',","stateProvince=='TX'&college_state %in% c('AR','LA','NM','OK') ~ 'Bordering State'"
Indiana State,Sycamores,Indiana State Sycamores,Indiana State University,Terre Haute,IN,,Missouri Valley,FCS,Memorial Stadium,"12,464",,,1895,,39.474948,-87.366894,"'IL','KY','MI','OH'","'Indiana State',","stateProvince=='IN'&college_state %in% c('IL','KY','MI','OH') ~ 'Bordering State'"
Jackson State,Tigers,Jackson State Tigers,Jackson State University,Jackson,MS,,SWAC,FCS,Mississippi Veterans Memorial Stadium,"60,492",,,1911,,32.329645,-90.179765,"'AL','AR','LA','TN'","'Jackson State',","stateProvince=='MS'&college_state %in% c('AL','AR','LA','TN') ~ 'Bordering State'"
Jacksonville,Gamecocks,Jacksonville State Gamecocks,Jacksonville State University,Jacksonville,AL,,Ohio Valley,FCS,JSU Stadium,"24,000",,,1904,,33.820363,-85.766284,"'FL','GA','MS','TN'","'Jacksonville',","stateProvince=='AL'&college_state %in% c('FL','GA','MS','TN') ~ 'Bordering State'"
Jacksonville State,Gamecocks,Jacksonville State Gamecocks,Jacksonville State University,Jacksonville,AL,,Ohio Valley,FCS,JSU Stadium,"24,000",,,1904,,33.820363,-85.766284,"'FL','GA','MS','TN'","'Jacksonville State',","stateProvince=='AL'&college_state %in% c('FL','GA','MS','TN') ~ 'Bordering State'"
James Madison,Dukes,James Madison Dukes,James Madison University,Harrisonburg,VA,,CAA,FCS,Bridgeforth Stadium,"24,878",,,1972,,38.435265,-78.872966,"'KY','MD','NC','TN','WV'","'James Madison',","stateProvince=='VA'&college_state %in% c('KY','MD','NC','TN','WV') ~ 'Bordering State'"
Kennesaw State,Owls,Kennesaw State Owls,Kennesaw State University,Kennesaw,GA,,Big South,FCS,Fifth Third Bank Stadium,"8,318",,,2015,,34.028935,-84.567609,"'AL','FL','NC','SC','TN'","'Kennesaw State',","stateProvince=='GA'&college_state %in% c('AL','FL','NC','SC','TN') ~ 'Bordering State'"
Lafayette,Leopards,Lafayette Leopards,Lafayette College,Easton,PA,,Patriot,FCS,Fisher Stadium,"13,132",,,1882,,40.700938,-75.210689,"'DE','MD','NJ','NY','OH','WV'","'Lafayette',","stateProvince=='PA'&college_state %in% c('DE','MD','NJ','NY','OH','WV') ~ 'Bordering State'"
Lamar,Cardinals,Lamar Cardinals,Lamar University,Beaumont,TX,,Southland,FCS,Provost Umphrey Stadium,"16,000",,,2009,,30.043222,-94.069933,"'AR','LA','NM','OK'","'Lamar',","stateProvince=='TX'&college_state %in% c('AR','LA','NM','OK') ~ 'Bordering State'"
Lehigh,Mountain Hawks,Lehigh Mountain Hawks,Lehigh University,Bethlehem,PA,,Patriot,FCS,Goodman Stadium,"16,000",,,1884,,40.589171,-75.355408,"'DE','MD','NJ','NY','OH','WV'","'Lehigh',","stateProvince=='PA'&college_state %in% c('DE','MD','NJ','NY','OH','WV') ~ 'Bordering State'"
LIU,Sharks,LIU Sharks,Long Island University,Brookville,NY,,Northeast,FCS,Bethpage Federal Credit Union Stadium,"6,000",,,1957,,,,"'CT','MA','NJ','PA','RI','VT'","'LIU',","stateProvince=='NY'&college_state %in% c('CT','MA','NJ','PA','RI','VT') ~ 'Bordering State'"
Maine,Black Bears,Maine Black Bears,University of Maine,Orono,ME,,CAA,FCS,Alfond Stadium,"10,000",,,1892,,44.90513,-68.671657,'NH',"'Maine',",stateProvince=='ME'&college_state %in% c('NH') ~ 'Bordering State'
Marist,Red Foxes,Marist Red Foxes,Marist College,Poughkeepsie,NY,,Pioneer,FCS,Leonidoff Field,"5,000",,,1965,,41.719157,-73.932956,"'CT','MA','NJ','PA','RI','VT'","'Marist',","stateProvince=='NY'&college_state %in% c('CT','MA','NJ','PA','RI','VT') ~ 'Bordering State'"
McNeese,Cowboys,McNeese State Cowboys,McNeese State University,Lake Charles,LA,,Southland,FCS,Cowboy Stadium,"17,410",,,1950,,30.173518,-93.210309,"'AR','MS','TX'","'McNeese',","stateProvince=='LA'&college_state %in% c('AR','MS','TX') ~ 'Bordering State'"
Mercer,Bears,Mercer Bears,Mercer University,Macon,GA,,Southern,FCS,Five Star Stadium at the Moye Complex,"10,200",,,2013,,32.826992,-83.652168,"'AL','FL','NC','SC','TN'","'Mercer',","stateProvince=='GA'&college_state %in% c('AL','FL','NC','SC','TN') ~ 'Bordering State'"
Merrimack,Warriors,Merrimack Warriors,Merrimack College,North Andover,MA,,Northeast,FCS,Duane Stadium,"3,500",,,2023,,,,"'CT','NY','NH','RI','VT'","'Merrimack',","stateProvince=='MA'&college_state %in% c('CT','NY','NH','RI','VT') ~ 'Bordering State'"
Mississippi Valley State,Delta Devils,Mississippi Valley State Delta Devils,Mississippi Valley State University,Itta Bena,MS,,SWAC,FCS,Rice–Totten Stadium,"10,000",,,1953,,33.509448,-90.343211,"'AL','AR','LA','TN'","'Mississippi Valley State',","stateProvince=='MS'&college_state %in% c('AL','AR','LA','TN') ~ 'Bordering State'"
Missouri State,Bears,Missouri State Bears,Missouri State University,Springfield,MO,,Missouri Valley,FCS,Robert W. Plaster Stadium,"17,500",,,1909,,37.197623,-93.279839,"'AR','IL','IA','KS','KY','NE','OK','TN'","'Missouri State',","stateProvince=='MO'&college_state %in% c('AR','IL','IA','KS','KY','NE','OK','TN') ~ 'Bordering State'"
Monmouth,Hawks,Monmouth Hawks,Monmouth University,West Long Branch,NJ,,Big South,FCS,Kessler Field,"4,000",,,1993,,40.279342,-74.009505,"'DE','NY','PA'","'Monmouth',","stateProvince=='NJ'&college_state %in% c('DE','NY','PA') ~ 'Bordering State'"
Montana,Grizzlies,Montana Grizzlies,University of Montana,Missoula,MT,,Big Sky,FCS,Washington–Grizzly Stadium,"25,200",,,1897,,46.863921,-113.981546,"'ID','ND','SD','WY'","'Montana',","stateProvince=='MT'&college_state %in% c('ID','ND','SD','WY') ~ 'Bordering State'"
Montana State,Bobcats,Montana State Bobcats,Montana State University,Bozeman,MT,,Big Sky,FCS,Bobcat Stadium,"19,000",,,1897,,45.658988,-111.049533,"'ID','ND','SD','WY'","'Montana State',","stateProvince=='MT'&college_state %in% c('ID','ND','SD','WY') ~ 'Bordering State'"
Morehead State,Eagles,Morehead State Eagles,Morehead State University,Morehead,KY,,Pioneer,FCS,Jayne Stadium,"10,000",,,1924,,38.191899,-83.425324,"'IL','IN','MO','OH','TN','VA','WV'","'Morehead State',","stateProvince=='KY'&college_state %in% c('IL','IN','MO','OH','TN','VA','WV') ~ 'Bordering State'"
Morgan State,Bears,Morgan State Bears,Morgan State University,Baltimore,MD,,MEAC,FCS,Hughes Stadium,"10,000",,,1897,,39.343892,-76.582893,"'DE','PA','VA','WV'","'Morgan State',","stateProvince=='MD'&college_state %in% c('DE','PA','VA','WV') ~ 'Bordering State'"
Murray State,Racers,Murray State Racers,Murray State University,Murray,KY,,Ohio Valley,FCS,Roy Stewart Stadium,"16,800",,,1924,,36.621351,-88.317364,"'IL','IN','MO','OH','TN','VA','WV'","'Murray State',","stateProvince=='KY'&college_state %in% c('IL','IN','MO','OH','TN','VA','WV') ~ 'Bordering State'"
New Hampshire,Wildcats,New Hampshire Wildcats,University of New Hampshire,Durham,NH,,CAA,FCS,Wildcat Stadium,"11,015",,,1893,,43.138545,-70.939211,"'ME','MA','VT'","'New Hampshire',","stateProvince=='NH'&college_state %in% c('ME','MA','VT') ~ 'Bordering State'"
Nicholls,Colonels,Nicholls Colonels,Nicholls State University,Thibodaux,LA,,Southland,FCS,Manning Field at John L. Guidry Stadium,"10,500",,,1972,,29.786663,-90.804532,"'AR','MS','TX'","'Nicholls',","stateProvince=='LA'&college_state %in% c('AR','MS','TX') ~ 'Bordering State'"
Norfolk State,Spartans,Norfolk State Spartans,Norfolk State University,Norfolk,VA,,MEAC,FCS,"William ""Dick"" Price Stadium","30,000",,,1938,,36.846975,-76.260066,"'KY','MD','NC','TN','WV'","'Norfolk State',","stateProvince=='VA'&college_state %in% c('KY','MD','NC','TN','WV') ~ 'Bordering State'"
North Alabama,Lions,North Alabama Lions,University of North Alabama,Florence,AL,,Big South,FCS,Braly Municipal Stadium,"14,215",,,2022,,,,"'FL','GA','MS','TN'","'North Alabama',","stateProvince=='AL'&college_state %in% c('FL','GA','MS','TN') ~ 'Bordering State'"
North Carolina A&T,Aggies,North Carolina A&T Aggies,North Carolina A&T State University,Greensboro,NC,,MEAC,FCS,BB&T Stadium,"21,500",,,1901,,36.081377,-79.770091,"'GA','SC','TN','VA'","'North Carolina A&T',","stateProvince=='NC'&college_state %in% c('GA','SC','TN','VA') ~ 'Bordering State'"
North Carolina Central,Eagles,North Carolina Central Eagles,North Carolina Central University,Durham,NC,,MEAC,FCS,O'Kelly–Riddick Stadium,"10,000",,,1921,,35.973861,-78.896977,"'GA','SC','TN','VA'","'North Carolina Central',","stateProvince=='NC'&college_state %in% c('GA','SC','TN','VA') ~ 'Bordering State'"
North Dakota,Fighting Hawks,North Dakota Fighting Hawks,University of North Dakota,Grand Forks,ND,,MVFC,FCS,Alerus Center,"12,283",,,1894,,47.920198,-97.064729,"'MN','MT','SD'","'North Dakota',","stateProvince=='ND'&college_state %in% c('MN','MT','SD') ~ 'Bordering State'"
North Dakota State,Bison,North Dakota State Bison,North Dakota State University,Fargo,ND,,Missouri Valley,FCS,Fargodome,"19,000",,,1894,,46.902952,-96.80162,"'MN','MT','SD'","'North Dakota State',","stateProvince=='ND'&college_state %in% c('MN','MT','SD') ~ 'Bordering State'"
Northern Arizona,Lumberjacks,Northern Arizona Lumberjacks,Northern Arizona University,Flagstaff,AZ,,Big Sky,FCS,Walkup Skydome,"15,300",,,1915,,35.180514,-111.652843,"'CA','CO','NV','NM','UT'","'Northern Arizona',","stateProvince=='AZ'&college_state %in% c('CA','CO','NV','NM','UT') ~ 'Bordering State'"
Northern Colorado,Bears,Northern Colorado Bears,University of Northern Colorado,Greeley,CO,,Big Sky,FCS,Nottingham Field,"8,533",,,1892,,40.403328,-104.705134,"'AZ','KS','NE','NM','OK','UT','WY'","'Northern Colorado',","stateProvince=='CO'&college_state %in% c('AZ','KS','NE','NM','OK','UT','WY') ~ 'Bordering State'"
Northern Iowa,Panthers,Northern Iowa Panthers,University of Northern Iowa,Cedar Falls,IA,,Missouri Valley,FCS,UNI-Dome,"16,000",,,1895,,42.515688,-92.467267,"'IL','MN','MO','NE','SD','WI'","'Northern Iowa',","stateProvince=='IA'&college_state %in% c('IL','MN','MO','NE','SD','WI') ~ 'Bordering State'"
Northwestern State,Demons,Northwestern State Demons,Northwestern State University,Natchitoches,LA,,Southland,FCS,Harry Turpin Stadium,"15,971",,,1907,,31.747518,-93.096089,"'AR','MS','TX'","'Northwestern State',","stateProvince=='LA'&college_state %in% c('AR','MS','TX') ~ 'Bordering State'"
Pennsylvania,Quakers,Penn Quakers,University of Pennsylvania,Philadelphia,PA,,Ivy,FCS,Franklin Field,"52,593",,,1876,,39.950044,-75.189912,"'DE','MD','NJ','NY','OH','WV'","'Pennsylvania',","stateProvince=='PA'&college_state %in% c('DE','MD','NJ','NY','OH','WV') ~ 'Bordering State'"
Portland State,Vikings,Portland State Vikings,Portland State University,Portland,OR,,Big Sky,FCS,Providence Park,"19,566",,,1947,,45.52153,-122.691795,"'CA','ID','NV','WA'","'Portland State',","stateProvince=='OR'&college_state %in% c('CA','ID','NV','WA') ~ 'Bordering State'"
Prairie View,Panthers,Prairie View A&M Panthers,Prairie View A&M University,Prairie View,TX,,SWAC,FCS,Panther Stadium,"15,000",,,1906,,30.091192,-95.99426,"'AR','LA','NM','OK'","'Prairie View',","stateProvince=='TX'&college_state %in% c('AR','LA','NM','OK') ~ 'Bordering State'"
Presbyterian,Blue Hose,Presbyterian Blue Hose,Presbyterian College,Clinton,SC,,Independent,FCS,Bailey Memorial Stadium,"6,500",,,1913,,34.461632,-81.861429,"'GA','NC'","'Presbyterian',","stateProvince=='SC'&college_state %in% c('GA','NC') ~ 'Bordering State'"
Presbyterian College,Blue Hose,Presbyterian Blue Hose,Presbyterian College,Clinton,SC,,Independent,FCS,Bailey Memorial Stadium,"6,500",,,1913,,34.461632,-81.861429,"'GA','NC'","'Presbyterian College',","stateProvince=='SC'&college_state %in% c('GA','NC') ~ 'Bordering State'"
Princeton,Tigers,Princeton Tigers,Princeton University,Princeton,NJ,,Ivy,FCS,Princeton University Stadium,"27,800",,,1869,,40.345762,-74.649978,"'DE','NY','PA'","'Princeton',","stateProvince=='NJ'&college_state %in% c('DE','NY','PA') ~ 'Bordering State'"
Rhode Island,Rams,Rhode Island Rams,University of Rhode Island,Kingston,RI,,CAA,FCS,Meade Stadium,"5,180",,,1895,,41.488035,-71.534773,"'CT','MA','NY'","'Rhode Island',","stateProvince=='RI'&college_state %in% c('CT','MA','NY') ~ 'Bordering State'"
Richmond,Spiders,Richmond Spiders,University of Richmond,Richmond,VA,,CAA,FCS,E. Claiborne Robins Stadium,"8,400",,,1881,,37.580895,-77.536835,"'KY','MD','NC','TN','WV'","'Richmond',","stateProvince=='VA'&college_state %in% c('KY','MD','NC','TN','WV') ~ 'Bordering State'"
Robert Morris,Colonials,Robert Morris Colonials,Robert Morris University,Moon Township,PA,,Northeast,FCS,Joe Walton Stadium,"3,000",,,1994,,40.521199,-80.216245,"'DE','MD','NJ','NY','OH','WV'","'Robert Morris',","stateProvince=='PA'&college_state %in% c('DE','MD','NJ','NY','OH','WV') ~ 'Bordering State'"
Sacramento State,Hornets,Sacramento State Hornets,"California State University, Sacramento",Sacramento,CA,,Big Sky,FCS,Hornet Stadium,"21,195",,,1954,,38.555673,-121.422955,"'AZ','NV','OR'","'Sacramento State',","stateProvince=='CA'&college_state %in% c('AZ','NV','OR') ~ 'Bordering State'"
Sacred Heart,Pioneers,Sacred Heart Pioneers,Sacred Heart University,Fairfield,CT,,Northeast,FCS,Campus Field,"4,000",,,1991,,41.219304,-73.245951,"'MA','NY','RI'","'Sacred Heart',","stateProvince=='CT'&college_state %in% c('MA','NY','RI') ~ 'Bordering State'"
Sam Houston State,Bearkats,Sam Houston State Bearkats,Sam Houston State University,Huntsville,TX,,Southland,FCS,Bowers Stadium,"14,000",,,1912,,30.713941,-95.541984,"'AR','LA','NM','OK'","'Sam Houston State',","stateProvince=='TX'&college_state %in% c('AR','LA','NM','OK') ~ 'Bordering State'"
Samford,Bulldogs,Samford Bulldogs,Samford University,Homewood,AL,,Southern,FCS,Seibert Stadium,"6,700",,,1902,,33.463291,-86.795214,"'FL','GA','MS','TN'","'Samford',","stateProvince=='AL'&college_state %in% c('FL','GA','MS','TN') ~ 'Bordering State'"
San Diego,Toreros,San Diego Toreros,University of San Diego,San Diego,CA,,Pioneer,FCS,Torero Stadium,"6,000",,,1956,,32.77306,-117.183719,"'AZ','NV','OR'","'San Diego',","stateProvince=='CA'&college_state %in% c('AZ','NV','OR') ~ 'Bordering State'"
South Carolina State,Bulldogs,South Carolina State Bulldogs,South Carolina State University,Orangeburg,SC,,MEAC,FCS,Oliver C. Dawson Stadium,"22,000",,,1906,,33.498624,-80.844656,"'GA','NC'","'South Carolina State',","stateProvince=='SC'&college_state %in% c('GA','NC') ~ 'Bordering State'"
South Dakota,Coyotes,South Dakota Coyotes,University of South Dakota,Vermillion,SD,,Missouri Valley,FCS,DakotaDome,"10,000",,,1889,,42.791139,-96.927843,"'IA','MN','MT','NE','ND','WY'","'South Dakota',","stateProvince=='SD'&college_state %in% c('IA','MN','MT','NE','ND','WY') ~ 'Bordering State'"
South Dakota State,Jackrabbits,South Dakota State Jackrabbits,South Dakota State University,Brookings,SD,,Missouri Valley,FCS,Dana J. Dykhouse Stadium,"19,340",,,1889,,44.321002,-96.780153,"'IA','MN','MT','NE','ND','WY'","'South Dakota State',","stateProvince=='SD'&college_state %in% c('IA','MN','MT','NE','ND','WY') ~ 'Bordering State'"
Southeast Missouri State,Redhawks,Southeast Missouri State Redhawks,Southeast Missouri State University,Cape Girardeau,MO,,Ohio Valley,FCS,Houck Stadium,"11,015",,,1902,,37.309569,-89.531165,"'AR','IL','IA','KS','KY','NE','OK','TN'","'Southeast Missouri State',","stateProvince=='MO'&college_state %in% c('AR','IL','IA','KS','KY','NE','OK','TN') ~ 'Bordering State'"
Southeastern Louisiana,Lions,Southeastern Louisiana Lions,Southeastern Louisiana University,Hammond,LA,,Southland,FCS,Strawberry Stadium,"7,408",,,1930,,30.511026,-90.468567,"'AR','MS','TX'","'Southeastern Louisiana',","stateProvince=='LA'&college_state %in% c('AR','MS','TX') ~ 'Bordering State'"
Southern,Jaguars,Southern Jaguars,Southern University,Baton Rouge,LA,,SWAC,FCS,A. W. Mumford Stadium,"28,500",UBU Sports Intensity S5-M,,1915,,30.521968,-91.189485,"'AR','MS','TX'","'Southern',","stateProvince=='LA'&college_state %in% c('AR','MS','TX') ~ 'Bordering State'"
Southern Illinois,Salukis,Southern Illinois Salukis,Southern Illinois University Carbondale,Carbondale,IL,,Missouri Valley,FCS,Saluki Stadium,"15,276",,,1904,,37.70862,-89.216201,"'IN','IA','MI','KY','MO','WI'","'Southern Illinois',","stateProvince=='IL'&college_state %in% c('IN','IA','MI','KY','MO','WI') ~ 'Bordering State'"
Southern Utah,Thunderbirds,Southern Utah Thunderbirds,Southern Utah University,Cedar City,UT,,Big Sky,FCS,Eccles Coliseum,"8,500",,,1929,,37.675762,-113.076998,"'AZ','CO','ID','NV','NM','WY'","'Southern Utah',","stateProvince=='UT'&college_state %in% c('AZ','CO','ID','NV','NM','WY') ~ 'Bordering State'"
St Francis (PA),Red Flash,Saint Francis Red Flash,Saint Francis University,Loretto,PA,,Northeast,FCS,DeGol Field,"3,500",,,1909,,40.506243,-78.637353,"'DE','MD','NJ','NY','OH','WV'","'St Francis (PA)',","stateProvince=='PA'&college_state %in% c('DE','MD','NJ','NY','OH','WV') ~ 'Bordering State'"
Stephen F. Austin,Lumberjacks,Stephen F. Austin Lumberjacks,Stephen F. Austin State University,Nacogdoches,TX,,Southland,FCS,Homer Bryce Stadium,"15,000",,,1923,,31.62572,-94.644406,"'AR','LA','NM','OK'","'Stephen F. Austin',","stateProvince=='TX'&college_state %in% c('AR','LA','NM','OK') ~ 'Bordering State'"
Stetson,Hatters,Stetson Hatters,Stetson University,DeLand,FL,,Pioneer,FCS,Spec Martin Municipal Stadium,"6,000",,,1901,,29.020065,-81.299994,"'AL','GA'","'Stetson',","stateProvince=='FL'&college_state %in% c('AL','GA') ~ 'Bordering State'"
Stony Brook,Seawolves,Stony Brook Seawolves,Stony Brook University,Stony Brook,NY,,CAA,FCS,Kenneth P. LaValle Stadium,"12,300",,,1969,,40.918884,-73.124295,"'CT','MA','NJ','PA','RI','VT'","'Stony Brook',","stateProvince=='NY'&college_state %in% c('CT','MA','NJ','PA','RI','VT') ~ 'Bordering State'"
Tarleton State,Texans,Tarleton State Texans,Tarleton State University,Stephenville,TX,,Independent,FCS,Memorial Stadium,"9,000",,,1904,,,,"'AR','LA','NM','OK'","'Tarleton State',","stateProvince=='TX'&college_state %in% c('AR','LA','NM','OK') ~ 'Bordering State'"
Tennessee State,Tigers,Tennessee State Tigers,Tennessee State University,Nashville,TN,,Ohio Valley,FCS,Nissan Stadium,"68,798",,,1916,,36.166466,-86.771281,"'AL','AR','GA','KY','MS','MO','NC','VA'","'Tennessee State',","stateProvince=='TN'&college_state %in% c('AL','AR','GA','KY','MS','MO','NC','VA') ~ 'Bordering State'"
Tennessee Tech,Golden Eagles,Tennessee Tech Golden Eagles,Tennessee Technological University,Cookeville,TN,,Ohio Valley,FCS,Tucker Stadium,"16,500",,,1917,,36.178111,-85.506166,"'AL','AR','GA','KY','MS','MO','NC','VA'","'Tennessee Tech',","stateProvince=='TN'&college_state %in% c('AL','AR','GA','KY','MS','MO','NC','VA') ~ 'Bordering State'"
Texas Southern,Tigers,Texas Southern Tigers,Texas Southern University,Houston,TX,,SWAC,FCS,BBVA Stadium,"22,039",,,1947,,29.752236,-95.352222,"'AR','LA','NM','OK'","'Texas Southern',","stateProvince=='TX'&college_state %in% c('AR','LA','NM','OK') ~ 'Bordering State'"
The Citadel,Bulldogs,The Citadel Bulldogs,"The Citadel, The Military College of South Carolina",Charleston,SC,,Southern,FCS,Johnson Hagood Stadium,"13,800",,,1905,,32.793741,-79.955856,"'GA','NC'","'The Citadel',","stateProvince=='SC'&college_state %in% c('GA','NC') ~ 'Bordering State'"
Towson,Tigers,Towson Tigers,Towson University,Towson,MD,,CAA,FCS,Johnny Unitas Stadium,"11,000",,,1968,,39.388537,-76.615944,"'DE','PA','VA','WV'","'Towson',","stateProvince=='MD'&college_state %in% c('DE','PA','VA','WV') ~ 'Bordering State'"
UC Davis,Aggies,UC Davis Aggies,"University of California, Davis",Davis,CA,,Big Sky,FCS,UC Davis Health Stadium,"10,849",,,1915,,38.536556,-121.762778,"'AZ','NV','OR'","'UC Davis',","stateProvince=='CA'&college_state %in% c('AZ','NV','OR') ~ 'Bordering State'"
UT Martin,Skyhawks,UT Martin Skyhawks,University of Tennessee at Martin,Martin,TN,,Ohio Valley,FCS,Graham Stadium,"8,000",,,1953,,36.344876,-88.861068,"'AL','AR','GA','KY','MS','MO','NC','VA'","'UT Martin',","stateProvince=='TN'&college_state %in% c('AL','AR','GA','KY','MS','MO','NC','VA') ~ 'Bordering State'"
Valparaiso,Crusaders,Valparaiso Crusaders,Valparaiso University,Valparaiso,IN,,Pioneer,FCS,Brown Field,"5,000",,,1906,,41.465647,-87.047928,"'IL','KY','MI','OH'","'Valparaiso',","stateProvince=='IN'&college_state %in% c('IL','KY','MI','OH') ~ 'Bordering State'"
Villanova,Wildcats,Villanova Wildcats,Villanova University,Villanova,PA,,CAA,FCS,Villanova Stadium,"12,500",,,1894,,40.032968,-75.33666,"'DE','MD','NJ','NY','OH','WV'","'Villanova',","stateProvince=='PA'&college_state %in% c('DE','MD','NJ','NY','OH','WV') ~ 'Bordering State'"
VMI,Keydets,VMI Keydets,Virginia Military Institute,Lexington,VA,,Southern,FCS,Alumni Memorial Field,"10,000",,,1873,,37.789056,-79.4349,"'KY','MD','NC','TN','WV'","'VMI',","stateProvince=='VA'&college_state %in% c('KY','MD','NC','TN','WV') ~ 'Bordering State'"
Wagner,Seahawks,Wagner Seahawks,Wagner College,Staten Island,NY,,Northeast,FCS,Wagner College Stadium,"3,300",,,1927,,40.617465,-74.094862,"'CT','MA','NJ','PA','RI','VT'","'Wagner',","stateProvince=='NY'&college_state %in% c('CT','MA','NJ','PA','RI','VT') ~ 'Bordering State'"
Weber State,Wildcats,Weber State Wildcats,Weber State University,Ogden,UT,,Big Sky,FCS,Stewart Stadium,"17,000",,,1962,,41.191943,-111.940069,"'AZ','CO','ID','NV','NM','WY'","'Weber State',","stateProvince=='UT'&college_state %in% c('AZ','CO','ID','NV','NM','WY') ~ 'Bordering State'"
Western Carolina,Catamounts,Western Carolina Catamounts,Western Carolina University,Cullowhee,NC,,Southern,FCS,E. J. Whitmire Stadium,"13,742",,,1931,,35.304771,-83.182546,"'GA','SC','TN','VA'","'Western Carolina',","stateProvince=='NC'&college_state %in% c('GA','SC','TN','VA') ~ 'Bordering State'"
Western Illinois,Leathernecks,Western Illinois Leathernecks,Western Illinois University,Macomb,IL,,Missouri Valley,FCS,Hanson Field,"16,368",,,1903,,40.468409,-90.684196,"'IN','IA','MI','KY','MO','WI'","'Western Illinois',","stateProvince=='IL'&college_state %in% c('IN','IA','MI','KY','MO','WI') ~ 'Bordering State'"
William & Mary,Tribe,William & Mary Tribe,College of William & Mary,Williamsburg,VA,,CAA,FCS,Zable Stadium,"12,259",,,1893,,37.272933,-76.714321,"'KY','MD','NC','TN','WV'","'William & Mary',","stateProvince=='VA'&college_state %in% c('KY','MD','NC','TN','WV') ~ 'Bordering State'"
Wofford,Terriers,Wofford Terriers,Wofford College,Spartanburg,SC,,Southern,FCS,Gibbs Stadium,"13,000",,,1889,,34.961878,-81.932873,"'GA','NC'","'Wofford',","stateProvince=='SC'&college_state %in% c('GA','NC') ~ 'Bordering State'"
Yale,Bulldogs,Yale Bulldogs,Yale University,New Haven,CT,,Ivy,FCS,Yale Bowl,"61,446",,,1872,,41.313226,-72.960501,"'MA','NY','RI'","'Yale',","stateProvince=='CT'&college_state %in% c('MA','NY','RI') ~ 'Bordering State'"
Youngstown State,Penguins,Youngstown State Penguins,Youngstown State University,Youngstown,OH,,Missouri Valley,FCS,Stambaugh Stadium,"20,650",,,1938,,41.109451,-80.649341,"'IN','KY','MI','PA','WV'","'Youngstown State',","stateProvince=='OH'&college_state %in% c('IN','KY','MI','PA','WV') ~ 'Bordering State'"
Savannah State,Tigers,Savannah State Tigers,Savannah State University,Savannah,GA,3688,SIAC,"Formerly FCS, now DII",Ted Wright Stadium,"13,500",FieldTurf[,MEAC,1902,,32.027593,-81.068673,,"'Savannah State',",stateProvince=='GA'&college_state %in% c() ~ 'Bordering State'
